{
  "last_node_id": 598,
  "last_link_id": 1615,
  "nodes": [
    {
      "id": 8,
      "type": "VAELoader",
      "pos": [
        -2560,
        520
      ],
      "size": {
        "0": 380.9580383300781,
        "1": 58
      },
      "flags": {
        "pinned": false
      },
      "order": 0,
      "mode": 0,
      "outputs": [
        {
          "name": "VAE",
          "type": "VAE",
          "links": [
            514
          ],
          "slot_index": 0
        }
      ],
      "properties": {
        "Node name for S&R": "VAELoader"
      },
      "widgets_values": [
        "sdxl_vae.safetensors"
      ],
      "color": "#222",
      "bgcolor": "#000"
    },
    {
      "id": 512,
      "type": "Note",
      "pos": [
        3740,
        1230
      ],
      "size": {
        "0": 304.02142333984375,
        "1": 126.01512908935547
      },
      "flags": {
        "collapsed": false,
        "pinned": false
      },
      "order": 1,
      "mode": 0,
      "title": "Filename Prefix Examples",
      "properties": {
        "text": ""
      },
      "widgets_values": [
        "%date:d-M-yy%/\n-%CheckpointLoader1.ckpt_name%\n_%Seed.seed%\n\n%date:d-M-yy%/%CheckpointLoader1.ckpt_name%_%Seed.seed%"
      ],
      "color": "#432",
      "bgcolor": "#653"
    },
    {
      "id": 513,
      "type": "Note",
      "pos": [
        2414.563563125893,
        1120
      ],
      "size": {
        "0": 316.8473205566406,
        "1": 100.86631774902344
      },
      "flags": {
        "collapsed": false,
        "pinned": false
      },
      "order": 2,
      "mode": 0,
      "title": "Output Switch Options",
      "properties": {
        "text": ""
      },
      "widgets_values": [
        "output switch positions:\n1,1 = default image (from output 1)\n1,2 = enhanced image (from output 3)\n2,1 = styled image (from output 2)\n2,2 = styled enhanced images (from output 3)\n"
      ],
      "color": "#432",
      "bgcolor": "#653"
    },
    {
      "id": 527,
      "type": "Note",
      "pos": [
        720,
        1250
      ],
      "size": {
        "0": 210,
        "1": 74.8172836303711
      },
      "flags": {
        "collapsed": false,
        "pinned": false
      },
      "order": 3,
      "mode": 0,
      "properties": {
        "text": ""
      },
      "widgets_values": [
        "switch between:\n(1) no padding\n(2) padding"
      ],
      "color": "#432",
      "bgcolor": "#653"
    },
    {
      "id": 539,
      "type": "CR Halftone Grid",
      "pos": [
        -800,
        1450
      ],
      "size": {
        "0": 315,
        "1": 298
      },
      "flags": {},
      "order": 4,
      "mode": 0,
      "outputs": [
        {
          "name": "IMAGE",
          "type": "IMAGE",
          "links": [
            1459
          ],
          "shape": 3,
          "slot_index": 0
        }
      ],
      "title": "Halftone Grid",
      "properties": {
        "Node name for S&R": "CR Halftone Grid"
      },
      "widgets_values": [
        512,
        512,
        "Accent",
        "No",
        50,
        "custom",
        255,
        255,
        255,
        0.5,
        0.5
      ]
    },
    {
      "id": 544,
      "type": "CR LoRA Stack",
      "pos": [
        -1580,
        160
      ],
      "size": {
        "0": 350,
        "1": 322
      },
      "flags": {},
      "order": 5,
      "mode": 0,
      "inputs": [
        {
          "name": "lora_stack",
          "type": "LORA_STACK",
          "link": null
        }
      ],
      "outputs": [
        {
          "name": "LORA_STACK",
          "type": "LORA_STACK",
          "links": [
            1487
          ],
          "shape": 3,
          "slot_index": 0
        }
      ],
      "title": "XL LoRA Stack 1",
      "properties": {
        "Node name for S&R": "CR LoRA Stack"
      },
      "widgets_values": [
        "Off",
        "SDXL\\sd_xl_offset_example-lora_1.0.safetensors",
        1,
        1,
        "Off",
        "None",
        1,
        1,
        "Off",
        "None",
        1,
        1
      ],
      "color": "#222",
      "bgcolor": "#000"
    },
    {
      "id": 548,
      "type": "ControlNetLoader",
      "pos": [
        -390,
        -582
      ],
      "size": {
        "0": 422,
        "1": 58
      },
      "flags": {},
      "order": 6,
      "mode": 0,
      "outputs": [
        {
          "name": "CONTROL_NET",
          "type": "CONTROL_NET",
          "links": [
            1510
          ],
          "slot_index": 0
        }
      ],
      "title": "Load XL ControlNet Model",
      "properties": {
        "Node name for S&R": "ControlNetLoader"
      },
      "widgets_values": [
        "depth-zoe-xl-v1.0-controlnet.safetensors"
      ],
      "color": "#222",
      "bgcolor": "#000"
    },
    {
      "id": 522,
      "type": "Note",
      "pos": [
        -2110,
        -840
      ],
      "size": {
        "0": 433.34814453125,
        "1": 392.80633544921875
      },
      "flags": {
        "pinned": false
      },
      "order": 7,
      "mode": 0,
      "title": "Setup and Tips",
      "properties": {
        "text": ""
      },
      "widgets_values": [
        "On first use:\n- select models and VAE\n- select a default LoRA in each Load LoRA node\n- select an upscale model\n- select an XL ControlNet model\n- add an image in each of the Load Images nodes (purple nodes)\n- add a default image batch in the Load Image Batch node\n- select the batch_size in CR Aspect Ratio SDXL\n- set the filename_prefix in Save Image to your preferred sub-folder\n- save a copy to use as a template\n\nTips:\n- Notes can be opened by clicking on the dots (green nodes)\n- Each optional component can be bypassed using logic switches (red nodes)\n- The default setting for all logic switches is OFF (1)\n- Use Comfyroll Manager to find any missing custom nodes\n- Right-click on nodes and select Pin to pin/unpin the node\n"
      ],
      "color": "#233",
      "bgcolor": "#355"
    },
    {
      "id": 91,
      "type": "Note",
      "pos": [
        -2590,
        -840
      ],
      "size": {
        "0": 431.5135803222656,
        "1": 395.1372985839844
      },
      "flags": {
        "pinned": false
      },
      "order": 8,
      "mode": 0,
      "title": "Workbook Details",
      "properties": {
        "text": ""
      },
      "widgets_values": [
        "Comfyroll SDXL Workflow Templates\nhttps://civitai.com/models/118005/comfyroll-sdxl-workflow-templates\n\nThis template can be used with any SDXL model.\n\nRequires:\nWAS Custom Nodes\nhttps://civitai.com/models/20793/was-node-suite-comfyui\nComfyroll Custom Nodes\nhttps://civitai.com/models/87609/comfyroll-custom-nodes-for-comfyui\nSearge SDXL Nodes\nhttps://civitai.com/models/111463\nSDXL Mile High Styler\nhttps://civitai.com/models/119246\n\nSeptember 2023\nAkatsuzi\n"
      ],
      "color": "#432",
      "bgcolor": "#653"
    },
    {
      "id": 547,
      "type": "Note",
      "pos": [
        -1580,
        1720
      ],
      "size": {
        "0": 311.2634582519531,
        "1": 86.4029541015625
      },
      "flags": {
        "collapsed": true
      },
      "order": 9,
      "mode": 0,
      "properties": {
        "text": ""
      },
      "widgets_values": [
        "configure a default batch path on first use\n\nset to single_image when not in use"
      ],
      "color": "#432",
      "bgcolor": "#653"
    },
    {
      "id": 565,
      "type": "Note",
      "pos": [
        -397,
        -777
      ],
      "size": {
        "0": 421.990966796875,
        "1": 130.5697021484375
      },
      "flags": {
        "collapsed": false
      },
      "order": 10,
      "mode": 0,
      "title": "ControlNet Models",
      "properties": {
        "text": ""
      },
      "widgets_values": [
        "select an XL ControlNet model to match the pre-proprocessor\n(1) Canny - diffusion_pytorch_model.fp16 (or renamed)\n(2) OpenPose - OpenPoseXL2\n(3) Zoe depth - depth-zoe-xl-v1.0-controlnet\n(4) LineArt - controlnet-sd-xl-1.0-softedge-dexined"
      ],
      "color": "#432",
      "bgcolor": "#653"
    },
    {
      "id": 582,
      "type": "Note",
      "pos": [
        60,
        440
      ],
      "size": {
        "0": 310,
        "1": 600
      },
      "flags": {
        "collapsed": true,
        "pinned": false
      },
      "order": 11,
      "mode": 0,
      "title": "Preset Mappings",
      "properties": {
        "text": ""
      },
      "widgets_values": [
        "Prompt Mixer mappings\n\ndefault with no style text\n\npos_g = prompt_positive\npos_l = prompt_positive\npos_r = prompt_positive\nneg_g = prompt_negative\nneg_l = prompt_negative\nneg_r = prompt_negative\n\ndefault with style text\n\npos_g = prompt_positive\npos_l = style_positive\npos_r = prompt_positive\nneg_g = prompt_negative\nneg_l = style_negative\nneg_r = prompt_negative\n\nstyle boost 1\n\npos_g = style_positive\npos_l = prompt_positive\npos_r = style_positive\nneg_g = style_negative\nneg_l = prompt_negative\nneg_r = style_negative\n\nstyle boost 2\n\npos_g = prompt_positive + style_positive\npos_l = prompt_positive + style_positive\npos_r = prompt_positive + style_positive\nneg_g = prompt_negative + style_negative\nneg_l = prompt_negative + style_negative\nneg_r = prompt_negative + style_negative\n\nstyle text to refiner\n\npos_g = prompt_positive\npos_l = prompt_positive\npos_r = style_positive\nneg_g = prompt_negative\nneg_l = prompt_negative\nneg_r = style_negative\n"
      ],
      "color": "#432",
      "bgcolor": "#653"
    },
    {
      "id": 586,
      "type": "CR Seed",
      "pos": [
        -2560,
        640
      ],
      "size": {
        "0": 315,
        "1": 82
      },
      "flags": {},
      "order": 12,
      "mode": 0,
      "outputs": [
        {
          "name": "seed",
          "type": "INT",
          "links": [
            1572
          ],
          "shape": 3,
          "slot_index": 0
        }
      ],
      "title": "Seed",
      "properties": {
        "Node name for S&R": "CR Seed"
      },
      "widgets_values": [
        53911668515478,
        "randomize"
      ],
      "color": "#222",
      "bgcolor": "#000"
    },
    {
      "id": 299,
      "type": "Note",
      "pos": [
        -453.2768465333727,
        1285.8142320513646
      ],
      "size": {
        "0": 240,
        "1": 100
      },
      "flags": {
        "collapsed": false,
        "pinned": false
      },
      "order": 13,
      "mode": 0,
      "properties": {
        "text": ""
      },
      "widgets_values": [
        "Switch between:\n(1) single image\n(2) image batch\n(3) inverted\n(4) tinted or halftone grid\n"
      ],
      "color": "#432",
      "bgcolor": "#653"
    },
    {
      "id": 482,
      "type": "Load Image Batch",
      "pos": [
        -1580,
        1110
      ],
      "size": {
        "0": 321.06005859375,
        "1": 222
      },
      "flags": {
        "pinned": false
      },
      "order": 14,
      "mode": 0,
      "outputs": [
        {
          "name": "image",
          "type": "IMAGE",
          "links": [
            1338,
            1576
          ],
          "slot_index": 0
        },
        {
          "name": "filename_text",
          "type": "ASCII",
          "links": [],
          "slot_index": 1
        }
      ],
      "properties": {
        "Node name for S&R": "Load Image Batch"
      },
      "widgets_values": [
        "single_image",
        0,
        "Batch 001",
        "E:\\Comfy Projects\\default batch",
        "*.png",
        "false",
        "true"
      ],
      "color": "#323",
      "bgcolor": "#535"
    },
    {
      "id": 37,
      "type": "LoadImage",
      "pos": [
        -1100,
        1250
      ],
      "size": {
        "0": 221.99734497070312,
        "1": 314
      },
      "flags": {
        "pinned": false
      },
      "order": 15,
      "mode": 0,
      "outputs": [
        {
          "name": "IMAGE",
          "type": "IMAGE",
          "links": [
            992,
            1337,
            1577
          ],
          "slot_index": 0
        },
        {
          "name": "MASK",
          "type": "MASK",
          "links": [],
          "slot_index": 1
        }
      ],
      "properties": {
        "Node name for S&R": "LoadImage"
      },
      "widgets_values": [
        "image.png",
        "image"
      ],
      "color": "#323",
      "bgcolor": "#535"
    },
    {
      "id": 551,
      "type": "LoadImage",
      "pos": [
        -1562,
        -415
      ],
      "size": {
        "0": 272.1417541503906,
        "1": 370.9371643066406
      },
      "flags": {
        "pinned": false
      },
      "order": 16,
      "mode": 0,
      "outputs": [
        {
          "name": "IMAGE",
          "type": "IMAGE",
          "links": [
            1495,
            1580
          ],
          "shape": 3,
          "slot_index": 0
        },
        {
          "name": "MASK",
          "type": "MASK",
          "links": null,
          "shape": 3
        }
      ],
      "properties": {
        "Node name for S&R": "LoadImage"
      },
      "widgets_values": [
        "image.png",
        "image"
      ],
      "color": "#323",
      "bgcolor": "#535"
    },
    {
      "id": 576,
      "type": "CR SDXL Style Text",
      "pos": [
        -395,
        217
      ],
      "size": {
        "0": 394,
        "1": 232
      },
      "flags": {
        "pinned": false
      },
      "order": 17,
      "mode": 0,
      "outputs": [
        {
          "name": "positive_prompt_text_l",
          "type": "STRING",
          "links": [
            1584
          ],
          "shape": 3,
          "slot_index": 0
        },
        {
          "name": "negative_prompt_text_l",
          "type": "STRING",
          "links": [
            1585
          ],
          "shape": 3,
          "slot_index": 1
        }
      ],
      "title": "XL Style Text",
      "properties": {
        "Node name for S&R": "CR SDXL Style Text"
      },
      "widgets_values": [
        "",
        ""
      ],
      "color": "#222",
      "bgcolor": "#000"
    },
    {
      "id": 203,
      "type": "Reroute",
      "pos": [
        -1820,
        520
      ],
      "size": [
        75,
        26
      ],
      "flags": {
        "pinned": false
      },
      "order": 23,
      "mode": 0,
      "inputs": [
        {
          "name": "",
          "type": "*",
          "link": 514
        }
      ],
      "outputs": [
        {
          "name": "VAE",
          "type": "VAE",
          "links": [
            516
          ],
          "slot_index": 0
        }
      ],
      "properties": {
        "showOutputText": true,
        "horizontal": false
      }
    },
    {
      "id": 144,
      "type": "Reroute",
      "pos": [
        -1820,
        350
      ],
      "size": [
        82,
        26
      ],
      "flags": {
        "pinned": false
      },
      "order": 37,
      "mode": 0,
      "inputs": [
        {
          "name": "",
          "type": "*",
          "link": 346
        }
      ],
      "outputs": [
        {
          "name": "MODEL",
          "type": "MODEL",
          "links": [
            1563
          ],
          "slot_index": 0
        }
      ],
      "properties": {
        "showOutputText": true,
        "horizontal": false
      }
    },
    {
      "id": 2,
      "type": "CLIPSetLastLayer",
      "pos": [
        -2110,
        370
      ],
      "size": {
        "0": 229.81015014648438,
        "1": 58
      },
      "flags": {
        "pinned": false
      },
      "order": 38,
      "mode": 0,
      "inputs": [
        {
          "name": "clip",
          "type": "CLIP",
          "link": 1
        }
      ],
      "outputs": [
        {
          "name": "CLIP",
          "type": "CLIP",
          "links": [
            1409
          ],
          "slot_index": 0
        }
      ],
      "properties": {
        "Node name for S&R": "CLIPSetLastLayer"
      },
      "widgets_values": [
        -1
      ],
      "color": "#222",
      "bgcolor": "#000"
    },
    {
      "id": 403,
      "type": "Reroute",
      "pos": [
        -1820,
        180
      ],
      "size": [
        82,
        26
      ],
      "flags": {
        "pinned": false
      },
      "order": 39,
      "mode": 0,
      "inputs": [
        {
          "name": "",
          "type": "*",
          "link": 1043
        }
      ],
      "outputs": [
        {
          "name": "MODEL",
          "type": "MODEL",
          "links": [
            1491
          ],
          "slot_index": 0
        }
      ],
      "properties": {
        "showOutputText": true,
        "horizontal": false
      }
    },
    {
      "id": 402,
      "type": "CLIPSetLastLayer",
      "pos": [
        -2110,
        202
      ],
      "size": {
        "0": 229.81015014648438,
        "1": 58
      },
      "flags": {
        "pinned": false
      },
      "order": 40,
      "mode": 0,
      "inputs": [
        {
          "name": "clip",
          "type": "CLIP",
          "link": 1042
        }
      ],
      "outputs": [
        {
          "name": "CLIP",
          "type": "CLIP",
          "links": [
            1044
          ],
          "slot_index": 0
        }
      ],
      "properties": {
        "Node name for S&R": "CLIPSetLastLayer"
      },
      "widgets_values": [
        -1
      ],
      "color": "#222",
      "bgcolor": "#000"
    },
    {
      "id": 545,
      "type": "CR LoRA Stack",
      "pos": [
        -1177.712863044214,
        156.86149097600082
      ],
      "size": {
        "0": 350,
        "1": 322
      },
      "flags": {},
      "order": 24,
      "mode": 0,
      "inputs": [
        {
          "name": "lora_stack",
          "type": "LORA_STACK",
          "link": 1487
        }
      ],
      "outputs": [
        {
          "name": "LORA_STACK",
          "type": "LORA_STACK",
          "links": [
            1488
          ],
          "shape": 3,
          "slot_index": 0
        }
      ],
      "title": "XL LoRA Stack 2",
      "properties": {
        "Node name for S&R": "CR LoRA Stack"
      },
      "widgets_values": [
        "Off",
        "None",
        0.7,
        1,
        "Off",
        "None",
        1,
        1,
        "Off",
        "None",
        1,
        1
      ],
      "color": "#222",
      "bgcolor": "#000"
    },
    {
      "id": 552,
      "type": "Reroute",
      "pos": [
        275,
        -551
      ],
      "size": [
        132.39999999999998,
        26
      ],
      "flags": {
        "pinned": false
      },
      "order": 25,
      "mode": 0,
      "inputs": [
        {
          "name": "",
          "type": "*",
          "link": 1510
        }
      ],
      "outputs": [
        {
          "name": "CONTROL_NET",
          "type": "CONTROL_NET",
          "links": [
            1501
          ]
        }
      ],
      "properties": {
        "showOutputText": true,
        "horizontal": false
      }
    },
    {
      "id": 341,
      "type": "Reroute",
      "pos": [
        -1610,
        810
      ],
      "size": [
        75,
        26
      ],
      "flags": {
        "pinned": false
      },
      "order": 32,
      "mode": 0,
      "inputs": [
        {
          "name": "",
          "type": "*",
          "link": 1517
        }
      ],
      "outputs": [
        {
          "name": "INT",
          "type": "INT",
          "links": [
            882,
            1522
          ],
          "slot_index": 0
        }
      ],
      "properties": {
        "showOutputText": true,
        "horizontal": false
      }
    },
    {
      "id": 340,
      "type": "Reroute",
      "pos": [
        -1610,
        870
      ],
      "size": [
        75,
        26
      ],
      "flags": {
        "pinned": false
      },
      "order": 33,
      "mode": 0,
      "inputs": [
        {
          "name": "",
          "type": "*",
          "link": 1518
        }
      ],
      "outputs": [
        {
          "name": "INT",
          "type": "INT",
          "links": [
            883,
            1523
          ],
          "slot_index": 0
        }
      ],
      "properties": {
        "showOutputText": true,
        "horizontal": false
      }
    },
    {
      "id": 354,
      "type": "Reroute",
      "pos": [
        -1610,
        690
      ],
      "size": [
        82,
        26
      ],
      "flags": {
        "pinned": false
      },
      "order": 34,
      "mode": 0,
      "inputs": [
        {
          "name": "",
          "type": "*",
          "link": 1516
        }
      ],
      "outputs": [
        {
          "name": "FLOAT",
          "type": "FLOAT",
          "links": [
            919
          ],
          "slot_index": 0
        }
      ],
      "properties": {
        "showOutputText": true,
        "horizontal": false
      }
    },
    {
      "id": 6,
      "type": "EmptyLatentImage",
      "pos": [
        -2189,
        763
      ],
      "size": {
        "0": 210,
        "1": 74
      },
      "flags": {
        "pinned": false,
        "collapsed": true
      },
      "order": 35,
      "mode": 0,
      "inputs": [
        {
          "name": "width",
          "type": "INT",
          "link": 1513,
          "widget": {
            "name": "width",
            "config": [
              "INT",
              {
                "default": 512,
                "min": 64,
                "max": 8192,
                "step": 8
              }
            ]
          }
        },
        {
          "name": "height",
          "type": "INT",
          "link": 1514,
          "widget": {
            "name": "height",
            "config": [
              "INT",
              {
                "default": 512,
                "min": 64,
                "max": 8192,
                "step": 8
              }
            ]
          }
        },
        {
          "name": "batch_size",
          "type": "INT",
          "link": 1515,
          "widget": {
            "name": "batch_size",
            "config": [
              "INT",
              {
                "default": 1,
                "min": 1,
                "max": 64
              }
            ]
          }
        }
      ],
      "outputs": [
        {
          "name": "LATENT",
          "type": "LATENT",
          "links": [
            1318
          ],
          "slot_index": 0
        }
      ],
      "properties": {
        "Node name for S&R": "EmptyLatentImage"
      },
      "widgets_values": [
        512,
        768,
        1
      ]
    },
    {
      "id": 540,
      "type": "Reroute",
      "pos": [
        -1610,
        930
      ],
      "size": [
        75,
        26
      ],
      "flags": {
        "pinned": false
      },
      "order": 36,
      "mode": 0,
      "inputs": [
        {
          "name": "",
          "type": "*",
          "link": 1519
        }
      ],
      "outputs": [
        {
          "name": "INT",
          "type": "INT",
          "links": [
            1493
          ],
          "slot_index": 0
        }
      ],
      "properties": {
        "showOutputText": true,
        "horizontal": false
      }
    },
    {
      "id": 360,
      "type": "Reroute",
      "pos": [
        -1613.38949,
        569.2735699999998
      ],
      "size": [
        75,
        26
      ],
      "flags": {
        "pinned": false
      },
      "order": 26,
      "mode": 0,
      "inputs": [
        {
          "name": "",
          "type": "*",
          "link": 1572
        }
      ],
      "outputs": [
        {
          "name": "INT",
          "type": "INT",
          "links": [
            1168
          ],
          "slot_index": 0
        }
      ],
      "properties": {
        "showOutputText": true,
        "horizontal": false
      }
    },
    {
      "id": 483,
      "type": "PreviewImage",
      "pos": [
        -1580,
        1370
      ],
      "size": {
        "0": 313.2547607421875,
        "1": 277.86810302734375
      },
      "flags": {
        "pinned": false
      },
      "order": 27,
      "mode": 0,
      "inputs": [
        {
          "name": "images",
          "type": "IMAGE",
          "link": 1338
        }
      ],
      "properties": {
        "Node name for S&R": "PreviewImage"
      }
    },
    {
      "id": 43,
      "type": "ImageInvert",
      "pos": [
        -800,
        1220
      ],
      "size": {
        "0": 235.23483276367188,
        "1": 31.74258041381836
      },
      "flags": {
        "pinned": false
      },
      "order": 28,
      "mode": 0,
      "inputs": [
        {
          "name": "image",
          "type": "IMAGE",
          "link": 992
        }
      ],
      "outputs": [
        {
          "name": "IMAGE",
          "type": "IMAGE",
          "links": [
            1574
          ],
          "slot_index": 0
        }
      ],
      "properties": {
        "Node name for S&R": "ImageInvert"
      }
    },
    {
      "id": 475,
      "type": "CR Color Tint",
      "pos": [
        -800,
        1310
      ],
      "size": {
        "0": 238.87681579589844,
        "1": 82
      },
      "flags": {
        "pinned": false
      },
      "order": 29,
      "mode": 0,
      "inputs": [
        {
          "name": "image",
          "type": "IMAGE",
          "link": 1337
        }
      ],
      "outputs": [
        {
          "name": "IMAGE",
          "type": "IMAGE",
          "links": [
            1573
          ],
          "shape": 3,
          "slot_index": 0
        }
      ],
      "title": "Color Tint",
      "properties": {
        "Node name for S&R": "CR Color Tint"
      },
      "widgets_values": [
        1,
        "lime"
      ]
    },
    {
      "id": 587,
      "type": "CR Batch Process Switch",
      "pos": [
        -1100,
        1110
      ],
      "size": {
        "0": 220,
        "1": 80
      },
      "flags": {},
      "order": 30,
      "mode": 0,
      "inputs": [
        {
          "name": "image",
          "type": "IMAGE",
          "link": 1576
        },
        {
          "name": "image_batch",
          "type": "IMAGE",
          "link": 1577
        }
      ],
      "outputs": [
        {
          "name": "IMAGE",
          "type": "IMAGE",
          "links": [
            1575
          ],
          "shape": 3,
          "slot_index": 0
        }
      ],
      "title": "Batch Process Switch",
      "properties": {
        "Node name for S&R": "CR Batch Process Switch"
      },
      "widgets_values": [
        "image"
      ],
      "color": "#322",
      "bgcolor": "#533"
    },
    {
      "id": 589,
      "type": "CannyEdgePreprocessor",
      "pos": [
        -1220,
        -750
      ],
      "size": {
        "0": 320,
        "1": 106
      },
      "flags": {},
      "order": 31,
      "mode": 0,
      "inputs": [
        {
          "name": "image",
          "type": "IMAGE",
          "link": 1580
        }
      ],
      "outputs": [
        {
          "name": "IMAGE",
          "type": "IMAGE",
          "links": [
            1579
          ],
          "shape": 3,
          "slot_index": 0
        }
      ],
      "title": "Canny Edge Preprocessor",
      "properties": {
        "Node name for S&R": "CannyEdgePreprocessor"
      },
      "widgets_values": [
        100,
        200,
        512
      ]
    },
    {
      "id": 139,
      "type": "Reroute",
      "pos": [
        -1610,
        750
      ],
      "size": [
        75,
        26
      ],
      "flags": {
        "pinned": false
      },
      "order": 42,
      "mode": 0,
      "inputs": [
        {
          "name": "",
          "type": "*",
          "link": 516
        }
      ],
      "outputs": [
        {
          "name": "VAE",
          "type": "VAE",
          "links": [
            565
          ],
          "slot_index": 0
        }
      ],
      "properties": {
        "showOutputText": true,
        "horizontal": false
      }
    },
    {
      "id": 520,
      "type": "Reroute",
      "pos": [
        -1810,
        410
      ],
      "size": [
        75,
        26
      ],
      "flags": {
        "pinned": false
      },
      "order": 51,
      "mode": 0,
      "inputs": [
        {
          "name": "",
          "type": "*",
          "link": 1409
        }
      ],
      "outputs": [
        {
          "name": "CLIP",
          "type": "CLIP",
          "links": [
            1559
          ],
          "slot_index": 0
        }
      ],
      "properties": {
        "showOutputText": true,
        "horizontal": false
      }
    },
    {
      "id": 404,
      "type": "Reroute",
      "pos": [
        -1820,
        230
      ],
      "size": [
        75,
        26
      ],
      "flags": {
        "pinned": false
      },
      "order": 52,
      "mode": 0,
      "inputs": [
        {
          "name": "",
          "type": "*",
          "link": 1044
        }
      ],
      "outputs": [
        {
          "name": "CLIP",
          "type": "CLIP",
          "links": [
            1492
          ],
          "slot_index": 0
        }
      ],
      "properties": {
        "showOutputText": true,
        "horizontal": false
      }
    },
    {
      "id": 338,
      "type": "Reroute",
      "pos": [
        -280,
        810
      ],
      "size": [
        75,
        26
      ],
      "flags": {
        "pinned": false
      },
      "order": 45,
      "mode": 0,
      "inputs": [
        {
          "name": "",
          "type": "*",
          "link": 882
        }
      ],
      "outputs": [
        {
          "name": "INT",
          "type": "INT",
          "links": [
            901,
            1427
          ],
          "slot_index": 0
        }
      ],
      "properties": {
        "showOutputText": true,
        "horizontal": false
      }
    },
    {
      "id": 339,
      "type": "Reroute",
      "pos": [
        -280,
        870
      ],
      "size": [
        75,
        26
      ],
      "flags": {
        "pinned": false
      },
      "order": 46,
      "mode": 0,
      "inputs": [
        {
          "name": "",
          "type": "*",
          "link": 883
        }
      ],
      "outputs": [
        {
          "name": "INT",
          "type": "INT",
          "links": [
            900,
            1428
          ],
          "slot_index": 0
        }
      ],
      "properties": {
        "showOutputText": true,
        "horizontal": false
      }
    },
    {
      "id": 550,
      "type": "ImageScale",
      "pos": [
        -1220,
        -170
      ],
      "size": {
        "0": 320,
        "1": 130
      },
      "flags": {},
      "order": 47,
      "mode": 0,
      "inputs": [
        {
          "name": "image",
          "type": "IMAGE",
          "link": 1495
        },
        {
          "name": "width",
          "type": "INT",
          "link": 1522,
          "widget": {
            "name": "width",
            "config": [
              "INT",
              {
                "default": 512,
                "min": 1,
                "max": 8192,
                "step": 1
              }
            ]
          }
        },
        {
          "name": "height",
          "type": "INT",
          "link": 1523,
          "widget": {
            "name": "height",
            "config": [
              "INT",
              {
                "default": 512,
                "min": 1,
                "max": 8192,
                "step": 1
              }
            ]
          }
        }
      ],
      "outputs": [
        {
          "name": "IMAGE",
          "type": "IMAGE",
          "links": [
            1507,
            1509,
            1532
          ],
          "shape": 3,
          "slot_index": 0
        }
      ],
      "properties": {
        "Node name for S&R": "ImageScale"
      },
      "widgets_values": [
        "nearest-exact",
        1024,
        1024,
        "center"
      ]
    },
    {
      "id": 470,
      "type": "Reroute",
      "pos": [
        -1614.83153,
        628.0525499999999
      ],
      "size": [
        90.4,
        26
      ],
      "flags": {
        "pinned": false
      },
      "order": 49,
      "mode": 0,
      "inputs": [
        {
          "name": "",
          "type": "*",
          "link": 1318
        }
      ],
      "outputs": [
        {
          "name": "LATENT",
          "type": "LATENT",
          "links": [
            1317
          ],
          "slot_index": 0
        }
      ],
      "properties": {
        "showOutputText": true,
        "horizontal": false
      }
    },
    {
      "id": 476,
      "type": "CR Image Input Switch (4 way)",
      "pos": [
        -460,
        1110
      ],
      "size": {
        "0": 239.1169891357422,
        "1": 118
      },
      "flags": {
        "pinned": false
      },
      "order": 44,
      "mode": 0,
      "inputs": [
        {
          "name": "image1",
          "type": "IMAGE",
          "link": 1575,
          "slot_index": 0
        },
        {
          "name": "image2",
          "type": "IMAGE",
          "link": 1574,
          "slot_index": 1
        },
        {
          "name": "image3",
          "type": "IMAGE",
          "link": 1573,
          "slot_index": 2
        },
        {
          "name": "image4",
          "type": "IMAGE",
          "link": 1459,
          "slot_index": 3
        }
      ],
      "outputs": [
        {
          "name": "IMAGE",
          "type": "IMAGE",
          "links": [
            1369
          ],
          "shape": 3,
          "slot_index": 0
        }
      ],
      "title": "Image Input Switch (4 way)",
      "properties": {
        "Node name for S&R": "CR Image Input Switch (4 way)"
      },
      "widgets_values": [
        1
      ],
      "color": "#322",
      "bgcolor": "#533"
    },
    {
      "id": 135,
      "type": "Reroute",
      "pos": [
        734,
        748
      ],
      "size": [
        75,
        26
      ],
      "flags": {
        "pinned": false
      },
      "order": 53,
      "mode": 0,
      "inputs": [
        {
          "name": "",
          "type": "*",
          "link": 565
        }
      ],
      "outputs": [
        {
          "name": "VAE",
          "type": "VAE",
          "links": [
            312,
            1432
          ],
          "slot_index": 0
        }
      ],
      "properties": {
        "showOutputText": true,
        "horizontal": false
      }
    },
    {
      "id": 546,
      "type": "CR Apply LoRA Stack",
      "pos": [
        -727.7128630442139,
        166.86149097600082
      ],
      "size": {
        "0": 210,
        "1": 66
      },
      "flags": {},
      "order": 62,
      "mode": 0,
      "inputs": [
        {
          "name": "model",
          "type": "MODEL",
          "link": 1491
        },
        {
          "name": "clip",
          "type": "CLIP",
          "link": 1492
        },
        {
          "name": "lora_stack",
          "type": "LORA_STACK",
          "link": 1488
        }
      ],
      "outputs": [
        {
          "name": "MODEL",
          "type": "MODEL",
          "links": [
            1562
          ],
          "shape": 3,
          "slot_index": 0
        },
        {
          "name": "CLIP",
          "type": "CLIP",
          "links": [
            1558
          ],
          "shape": 3,
          "slot_index": 1
        }
      ],
      "title": "Apply LoRA Stack",
      "properties": {
        "Node name for S&R": "CR Apply LoRA Stack"
      }
    },
    {
      "id": 530,
      "type": "Reroute",
      "pos": [
        120,
        810
      ],
      "size": [
        75,
        26
      ],
      "flags": {
        "pinned": false
      },
      "order": 54,
      "mode": 0,
      "inputs": [
        {
          "name": "",
          "type": "*",
          "link": 1427
        }
      ],
      "outputs": [
        {
          "name": "INT",
          "type": "INT",
          "links": [
            1430
          ],
          "slot_index": 0
        }
      ],
      "properties": {
        "showOutputText": true,
        "horizontal": false
      }
    },
    {
      "id": 531,
      "type": "Reroute",
      "pos": [
        120,
        870
      ],
      "size": [
        75,
        26
      ],
      "flags": {
        "pinned": false
      },
      "order": 56,
      "mode": 0,
      "inputs": [
        {
          "name": "",
          "type": "*",
          "link": 1428
        }
      ],
      "outputs": [
        {
          "name": "INT",
          "type": "INT",
          "links": [
            1429
          ],
          "slot_index": 0
        }
      ],
      "properties": {
        "showOutputText": true,
        "horizontal": false
      }
    },
    {
      "id": 559,
      "type": "OpenposePreprocessor",
      "pos": [
        -1220,
        -600
      ],
      "size": {
        "0": 320,
        "1": 130
      },
      "flags": {},
      "order": 57,
      "mode": 0,
      "inputs": [
        {
          "name": "image",
          "type": "IMAGE",
          "link": 1507
        }
      ],
      "outputs": [
        {
          "name": "IMAGE",
          "type": "IMAGE",
          "links": [
            1504
          ],
          "shape": 3,
          "slot_index": 0
        }
      ],
      "title": "OpenPose Preprocessor",
      "properties": {
        "Node name for S&R": "OpenposePreprocessor"
      },
      "widgets_values": [
        "enable",
        "enable",
        "enable",
        "v1.1"
      ]
    },
    {
      "id": 561,
      "type": "LineArtPreprocessor",
      "pos": [
        -1220,
        -310
      ],
      "size": {
        "0": 320,
        "1": 60
      },
      "flags": {},
      "order": 58,
      "mode": 0,
      "inputs": [
        {
          "name": "image",
          "type": "IMAGE",
          "link": 1509
        }
      ],
      "outputs": [
        {
          "name": "IMAGE",
          "type": "IMAGE",
          "links": [
            1506
          ],
          "shape": 3,
          "slot_index": 0
        }
      ],
      "title": "LineArt Preprocessor",
      "properties": {
        "Node name for S&R": "LineArtPreprocessor"
      },
      "widgets_values": [
        "disable"
      ]
    },
    {
      "id": 567,
      "type": "Zoe-DepthMapPreprocessor",
      "pos": [
        -1220,
        -410
      ],
      "size": {
        "0": 320,
        "1": 30
      },
      "flags": {},
      "order": 59,
      "mode": 0,
      "inputs": [
        {
          "name": "image",
          "type": "IMAGE",
          "link": 1532
        }
      ],
      "outputs": [
        {
          "name": "IMAGE",
          "type": "IMAGE",
          "links": [
            1531
          ],
          "shape": 3,
          "slot_index": 0
        }
      ],
      "title": "Zoe-DepthMap Preprocessor",
      "properties": {
        "Node name for S&R": "Zoe-DepthMapPreprocessor"
      }
    },
    {
      "id": 471,
      "type": "Reroute",
      "pos": [
        345,
        628
      ],
      "size": [
        90.4,
        26
      ],
      "flags": {
        "pinned": false
      },
      "order": 60,
      "mode": 0,
      "inputs": [
        {
          "name": "",
          "type": "*",
          "link": 1317
        }
      ],
      "outputs": [
        {
          "name": "LATENT",
          "type": "LATENT",
          "links": [
            1457
          ],
          "slot_index": 0
        }
      ],
      "properties": {
        "showOutputText": true,
        "horizontal": false
      }
    },
    {
      "id": 40,
      "type": "ImageScale",
      "pos": [
        -130,
        1110
      ],
      "size": {
        "0": 299.2333984375,
        "1": 130
      },
      "flags": {
        "pinned": false
      },
      "order": 55,
      "mode": 0,
      "inputs": [
        {
          "name": "image",
          "type": "IMAGE",
          "link": 1369
        },
        {
          "name": "width",
          "type": "INT",
          "link": 901,
          "widget": {
            "name": "width",
            "config": [
              "INT",
              {
                "default": 512,
                "min": 1,
                "max": 8192,
                "step": 1
              }
            ]
          }
        },
        {
          "name": "height",
          "type": "INT",
          "link": 900,
          "widget": {
            "name": "height",
            "config": [
              "INT",
              {
                "default": 512,
                "min": 1,
                "max": 8192,
                "step": 1
              }
            ]
          }
        }
      ],
      "outputs": [
        {
          "name": "IMAGE",
          "type": "IMAGE",
          "links": [
            1321,
            1423,
            1424,
            1433
          ],
          "slot_index": 0
        }
      ],
      "properties": {
        "Node name for S&R": "ImageScale"
      },
      "widgets_values": [
        "nearest-exact",
        512,
        768,
        "center"
      ]
    },
    {
      "id": 27,
      "type": "Reroute",
      "pos": [
        1240,
        750
      ],
      "size": [
        75,
        26
      ],
      "flags": {
        "pinned": false
      },
      "order": 63,
      "mode": 0,
      "inputs": [
        {
          "name": "",
          "type": "*",
          "link": 312
        }
      ],
      "outputs": [
        {
          "name": "VAE",
          "type": "VAE",
          "links": [
            65
          ],
          "slot_index": 0
        }
      ],
      "properties": {
        "showOutputText": true,
        "horizontal": false
      }
    },
    {
      "id": 558,
      "type": "CR Image Input Switch (4 way)",
      "pos": [
        -815,
        -604
      ],
      "size": {
        "0": 269.1429748535156,
        "1": 118
      },
      "flags": {},
      "order": 66,
      "mode": 0,
      "inputs": [
        {
          "name": "image1",
          "type": "IMAGE",
          "link": 1579
        },
        {
          "name": "image2",
          "type": "IMAGE",
          "link": 1504
        },
        {
          "name": "image3",
          "type": "IMAGE",
          "link": 1531
        },
        {
          "name": "image4",
          "type": "IMAGE",
          "link": 1506
        }
      ],
      "outputs": [
        {
          "name": "IMAGE",
          "type": "IMAGE",
          "links": [
            1499,
            1533
          ],
          "shape": 3,
          "slot_index": 0
        }
      ],
      "title": "Select Preprocessor",
      "properties": {
        "Node name for S&R": "CR Image Input Switch (4 way)"
      },
      "widgets_values": [
        1
      ]
    },
    {
      "id": 110,
      "type": "PreviewImage",
      "pos": [
        -103.27684653337268,
        1425.8142320513646
      ],
      "size": {
        "0": 251.0175018310547,
        "1": 273.7832336425781
      },
      "flags": {
        "pinned": false
      },
      "order": 64,
      "mode": 0,
      "inputs": [
        {
          "name": "images",
          "type": "IMAGE",
          "link": 1321
        }
      ],
      "properties": {
        "Node name for S&R": "PreviewImage"
      }
    },
    {
      "id": 525,
      "type": "Image Padding",
      "pos": [
        316.72295655893646,
        1205.8142320513646
      ],
      "size": {
        "0": 315,
        "1": 198
      },
      "flags": {
        "pinned": false
      },
      "order": 65,
      "mode": 0,
      "inputs": [
        {
          "name": "image",
          "type": "IMAGE",
          "link": 1424
        }
      ],
      "outputs": [
        {
          "name": "IMAGE",
          "type": "IMAGE",
          "links": [],
          "slot_index": 0
        },
        {
          "name": "IMAGE",
          "type": "IMAGE",
          "links": [
            1422
          ],
          "slot_index": 1
        }
      ],
      "properties": {
        "Node name for S&R": "Image Padding"
      },
      "widgets_values": [
        72,
        "true",
        48,
        48,
        48,
        48
      ]
    },
    {
      "id": 555,
      "type": "Reroute",
      "pos": [
        -430,
        -450
      ],
      "size": [
        82,
        26
      ],
      "flags": {
        "pinned": false
      },
      "order": 71,
      "mode": 0,
      "inputs": [
        {
          "name": "",
          "type": "*",
          "link": 1499
        }
      ],
      "outputs": [
        {
          "name": "IMAGE",
          "type": "IMAGE",
          "links": [
            1498
          ]
        }
      ],
      "properties": {
        "showOutputText": true,
        "horizontal": false
      }
    },
    {
      "id": 556,
      "type": "PreviewImage",
      "pos": [
        -815,
        -403
      ],
      "size": {
        "0": 272,
        "1": 371
      },
      "flags": {},
      "order": 72,
      "mode": 0,
      "inputs": [
        {
          "name": "images",
          "type": "IMAGE",
          "link": 1533
        }
      ],
      "properties": {
        "Node name for S&R": "PreviewImage"
      }
    },
    {
      "id": 529,
      "type": "ImageScale",
      "pos": [
        317.6301872241936,
        1452.0370440762015
      ],
      "size": {
        "0": 315,
        "1": 130
      },
      "flags": {
        "pinned": false
      },
      "order": 70,
      "mode": 0,
      "inputs": [
        {
          "name": "image",
          "type": "IMAGE",
          "link": 1422
        },
        {
          "name": "width",
          "type": "INT",
          "link": 1430,
          "widget": {
            "name": "width",
            "config": [
              "INT",
              {
                "default": 512,
                "min": 1,
                "max": 8192,
                "step": 1
              }
            ]
          }
        },
        {
          "name": "height",
          "type": "INT",
          "link": 1429,
          "widget": {
            "name": "height",
            "config": [
              "INT",
              {
                "default": 512,
                "min": 1,
                "max": 8192,
                "step": 1
              }
            ]
          }
        }
      ],
      "outputs": [
        {
          "name": "IMAGE",
          "type": "IMAGE",
          "links": [
            1421
          ],
          "slot_index": 0
        }
      ],
      "properties": {
        "Node name for S&R": "ImageScale"
      },
      "widgets_values": [
        "nearest-exact",
        512,
        768,
        "center"
      ]
    },
    {
      "id": 554,
      "type": "Reroute",
      "pos": [
        370,
        -450
      ],
      "size": [
        82,
        26
      ],
      "flags": {
        "pinned": false
      },
      "order": 75,
      "mode": 0,
      "inputs": [
        {
          "name": "",
          "type": "*",
          "link": 1498
        }
      ],
      "outputs": [
        {
          "name": "IMAGE",
          "type": "IMAGE",
          "links": [
            1502
          ]
        }
      ],
      "properties": {
        "showOutputText": true,
        "horizontal": false
      }
    },
    {
      "id": 528,
      "type": "Image Blending Mode",
      "pos": [
        322.5691554350375,
        1633.096253610328
      ],
      "size": {
        "0": 315,
        "1": 102
      },
      "flags": {
        "pinned": false
      },
      "order": 74,
      "mode": 0,
      "inputs": [
        {
          "name": "image_a",
          "type": "IMAGE",
          "link": 1433
        },
        {
          "name": "image_b",
          "type": "IMAGE",
          "link": 1421
        }
      ],
      "outputs": [
        {
          "name": "IMAGE",
          "type": "IMAGE",
          "links": [
            1420
          ],
          "slot_index": 0
        }
      ],
      "properties": {
        "Node name for S&R": "Image Blending Mode"
      },
      "widgets_values": [
        "screen",
        1
      ]
    },
    {
      "id": 526,
      "type": "CR Image Input Switch",
      "pos": [
        720,
        1110
      ],
      "size": {
        "0": 233.32794189453125,
        "1": 79.87686920166016
      },
      "flags": {
        "pinned": false
      },
      "order": 76,
      "mode": 0,
      "inputs": [
        {
          "name": "image1",
          "type": "IMAGE",
          "link": 1423
        },
        {
          "name": "image2",
          "type": "IMAGE",
          "link": 1420
        }
      ],
      "outputs": [
        {
          "name": "IMAGE",
          "type": "IMAGE",
          "links": [
            1417,
            1418
          ],
          "slot_index": 0
        }
      ],
      "title": "Image Input Switch",
      "properties": {
        "Node name for S&R": "CR Image Input Switch"
      },
      "widgets_values": [
        1
      ],
      "color": "#322",
      "bgcolor": "#533"
    },
    {
      "id": 523,
      "type": "VAEEncode",
      "pos": [
        1070,
        1110
      ],
      "size": {
        "0": 210,
        "1": 46
      },
      "flags": {
        "pinned": false
      },
      "order": 78,
      "mode": 0,
      "inputs": [
        {
          "name": "pixels",
          "type": "IMAGE",
          "link": 1417
        },
        {
          "name": "vae",
          "type": "VAE",
          "link": 1432
        }
      ],
      "outputs": [
        {
          "name": "LATENT",
          "type": "LATENT",
          "links": [
            1456
          ],
          "slot_index": 0
        }
      ],
      "properties": {
        "Node name for S&R": "VAEEncode"
      }
    },
    {
      "id": 524,
      "type": "PreviewImage",
      "pos": [
        1043.3905315954232,
        1431.748474213363
      ],
      "size": {
        "0": 252.34999084472656,
        "1": 277.5871276855469
      },
      "flags": {
        "pinned": false
      },
      "order": 79,
      "mode": 0,
      "inputs": [
        {
          "name": "images",
          "type": "IMAGE",
          "link": 1418
        }
      ],
      "properties": {
        "Node name for S&R": "PreviewImage"
      }
    },
    {
      "id": 538,
      "type": "CR Latent Batch Size",
      "pos": [
        1070,
        960
      ],
      "size": {
        "0": 210,
        "1": 55.831939697265625
      },
      "flags": {
        "collapsed": true
      },
      "order": 80,
      "mode": 0,
      "inputs": [
        {
          "name": "latent",
          "type": "LATENT",
          "link": 1456
        },
        {
          "name": "batch_size",
          "type": "INT",
          "link": 1493,
          "widget": {
            "name": "batch_size",
            "config": [
              "INT",
              {
                "default": 2,
                "min": 1,
                "max": 16,
                "step": 1
              }
            ]
          }
        }
      ],
      "outputs": [
        {
          "name": "LATENT",
          "type": "LATENT",
          "links": [
            1458
          ],
          "shape": 3,
          "slot_index": 0
        }
      ],
      "title": "Latent Batch Size",
      "properties": {
        "Node name for S&R": "CR Latent Batch Size"
      },
      "widgets_values": [
        2
      ]
    },
    {
      "id": 507,
      "type": "Image Style Filter",
      "pos": [
        2415.494431152647,
        255.56823766211434
      ],
      "size": {
        "0": 314.8222351074219,
        "1": 58
      },
      "flags": {
        "pinned": false
      },
      "order": 87,
      "mode": 0,
      "inputs": [
        {
          "name": "image",
          "type": "IMAGE",
          "link": 1388
        }
      ],
      "outputs": [
        {
          "name": "IMAGE",
          "type": "IMAGE",
          "links": [
            1390,
            1397
          ],
          "shape": 3,
          "slot_index": 0
        }
      ],
      "properties": {
        "Node name for S&R": "Image Style Filter"
      },
      "widgets_values": [
        "1977"
      ]
    },
    {
      "id": 508,
      "type": "CR Image Input Switch",
      "pos": [
        2415.494431152647,
        355.56823766211437
      ],
      "size": {
        "0": 314.822265625,
        "1": 78
      },
      "flags": {
        "pinned": false
      },
      "order": 89,
      "mode": 0,
      "inputs": [
        {
          "name": "image1",
          "type": "IMAGE",
          "link": 1389
        },
        {
          "name": "image2",
          "type": "IMAGE",
          "link": 1390
        }
      ],
      "outputs": [
        {
          "name": "IMAGE",
          "type": "IMAGE",
          "links": [
            1384,
            1391
          ],
          "shape": 3,
          "slot_index": 0
        }
      ],
      "title": "Ouput Switch 1",
      "properties": {
        "Node name for S&R": "CR Image Input Switch"
      },
      "widgets_values": [
        1
      ],
      "color": "#322",
      "bgcolor": "#533"
    },
    {
      "id": 502,
      "type": "Image Levels Adjustment",
      "pos": [
        2415.494431152647,
        555.5682376621144
      ],
      "size": {
        "0": 314.1094665527344,
        "1": 106
      },
      "flags": {
        "pinned": false
      },
      "order": 92,
      "mode": 0,
      "inputs": [
        {
          "name": "image",
          "type": "IMAGE",
          "link": 1384
        }
      ],
      "outputs": [
        {
          "name": "IMAGE",
          "type": "IMAGE",
          "links": [
            1385
          ],
          "shape": 3,
          "slot_index": 0
        }
      ],
      "properties": {
        "Node name for S&R": "Image Levels Adjustment"
      },
      "widgets_values": [
        20,
        100,
        230
      ]
    },
    {
      "id": 503,
      "type": "Image Filter Adjustments",
      "pos": [
        2414.563563125893,
        710
      ],
      "size": {
        "0": 315,
        "1": 226
      },
      "flags": {
        "pinned": false
      },
      "order": 94,
      "mode": 0,
      "inputs": [
        {
          "name": "image",
          "type": "IMAGE",
          "link": 1385
        }
      ],
      "outputs": [
        {
          "name": "IMAGE",
          "type": "IMAGE",
          "links": [
            1392,
            1395
          ],
          "shape": 3,
          "slot_index": 0
        }
      ],
      "properties": {
        "Node name for S&R": "Image Filter Adjustments"
      },
      "widgets_values": [
        0,
        1.1,
        1.1,
        1,
        0,
        0,
        0,
        "false"
      ]
    },
    {
      "id": 510,
      "type": "CR Image Input Switch",
      "pos": [
        2414.563563125893,
        990
      ],
      "size": {
        "0": 314.822265625,
        "1": 78
      },
      "flags": {
        "pinned": false
      },
      "order": 95,
      "mode": 0,
      "inputs": [
        {
          "name": "image1",
          "type": "IMAGE",
          "link": 1391
        },
        {
          "name": "image2",
          "type": "IMAGE",
          "link": 1392
        }
      ],
      "outputs": [
        {
          "name": "IMAGE",
          "type": "IMAGE",
          "links": [
            1396
          ],
          "shape": 3,
          "slot_index": 0
        }
      ],
      "title": "Ouput Switch 2",
      "properties": {
        "Node name for S&R": "CR Image Input Switch"
      },
      "widgets_values": [
        1
      ],
      "color": "#322",
      "bgcolor": "#533"
    },
    {
      "id": 517,
      "type": "Reroute",
      "pos": [
        3005.494431152647,
        945.5682376621144
      ],
      "size": [
        82,
        26
      ],
      "flags": {
        "pinned": false
      },
      "order": 97,
      "mode": 0,
      "inputs": [
        {
          "name": "",
          "type": "*",
          "link": 1396
        }
      ],
      "outputs": [
        {
          "name": "IMAGE",
          "type": "IMAGE",
          "links": [
            1399
          ],
          "slot_index": 0
        }
      ],
      "properties": {
        "showOutputText": true,
        "horizontal": false
      }
    },
    {
      "id": 579,
      "type": "Reroute",
      "pos": [
        240,
        110
      ],
      "size": [
        75,
        26
      ],
      "flags": {
        "pinned": false
      },
      "order": 69,
      "mode": 0,
      "inputs": [
        {
          "name": "",
          "type": "*",
          "link": 1558
        }
      ],
      "outputs": [
        {
          "name": "CLIP",
          "type": "CLIP",
          "links": [
            1560
          ],
          "slot_index": 0
        }
      ],
      "properties": {
        "showOutputText": true,
        "horizontal": false
      }
    },
    {
      "id": 580,
      "type": "Reroute",
      "pos": [
        240,
        160
      ],
      "size": [
        75,
        26
      ],
      "flags": {
        "pinned": false
      },
      "order": 61,
      "mode": 0,
      "inputs": [
        {
          "name": "",
          "type": "*",
          "link": 1559
        }
      ],
      "outputs": [
        {
          "name": "CLIP",
          "type": "CLIP",
          "links": [
            1561
          ],
          "slot_index": 0
        }
      ],
      "properties": {
        "showOutputText": true,
        "horizontal": false
      }
    },
    {
      "id": 593,
      "type": "PreviewImage",
      "pos": [
        4120,
        -340
      ],
      "size": {
        "0": 890,
        "1": 980
      },
      "flags": {},
      "order": 93,
      "mode": 0,
      "inputs": [
        {
          "name": "images",
          "type": "IMAGE",
          "link": 1595
        }
      ],
      "title": "2 - Styled Image",
      "properties": {
        "Node name for S&R": "PreviewImage"
      },
      "shape": 1
    },
    {
      "id": 595,
      "type": "PreviewImage",
      "pos": [
        5030,
        -340
      ],
      "size": {
        "0": 890,
        "1": 980
      },
      "flags": {},
      "order": 98,
      "mode": 0,
      "inputs": [
        {
          "name": "images",
          "type": "IMAGE",
          "link": 1596
        }
      ],
      "title": "3 - Enhanced Image",
      "properties": {
        "Node name for S&R": "PreviewImage"
      },
      "shape": 1
    },
    {
      "id": 519,
      "type": "SaveImage",
      "pos": [
        4120,
        690
      ],
      "size": {
        "0": 885,
        "1": 975
      },
      "flags": {
        "pinned": false
      },
      "order": 99,
      "mode": 0,
      "inputs": [
        {
          "name": "images",
          "type": "IMAGE",
          "link": 1399
        }
      ],
      "properties": {},
      "widgets_values": [
        "SDXL\\SDXL10_"
      ],
      "color": "#222",
      "bgcolor": "#000",
      "shape": 1
    },
    {
      "id": 515,
      "type": "Reroute",
      "pos": [
        3005.494431152647,
        235.56823766211434
      ],
      "size": [
        82,
        26
      ],
      "flags": {
        "pinned": false
      },
      "order": 88,
      "mode": 0,
      "inputs": [
        {
          "name": "",
          "type": "*",
          "link": 1394
        }
      ],
      "outputs": [
        {
          "name": "IMAGE",
          "type": "IMAGE",
          "links": [
            1594
          ],
          "slot_index": 0
        }
      ],
      "properties": {
        "showOutputText": true,
        "horizontal": false
      }
    },
    {
      "id": 518,
      "type": "Reroute",
      "pos": [
        3005.494431152647,
        285.56823766211437
      ],
      "size": [
        82,
        26
      ],
      "flags": {
        "pinned": false
      },
      "order": 90,
      "mode": 0,
      "inputs": [
        {
          "name": "",
          "type": "*",
          "link": 1397
        }
      ],
      "outputs": [
        {
          "name": "IMAGE",
          "type": "IMAGE",
          "links": [
            1595
          ],
          "slot_index": 0
        }
      ],
      "properties": {
        "showOutputText": true,
        "horizontal": false
      }
    },
    {
      "id": 516,
      "type": "Reroute",
      "pos": [
        3005.494431152647,
        335.56823766211437
      ],
      "size": [
        82,
        26
      ],
      "flags": {
        "pinned": false
      },
      "order": 96,
      "mode": 0,
      "inputs": [
        {
          "name": "",
          "type": "*",
          "link": 1395
        }
      ],
      "outputs": [
        {
          "name": "IMAGE",
          "type": "IMAGE",
          "links": [
            1596
          ],
          "slot_index": 0
        }
      ],
      "properties": {
        "showOutputText": true,
        "horizontal": false
      }
    },
    {
      "id": 562,
      "type": "CR SDXL Aspect Ratio",
      "pos": [
        -2559,
        793
      ],
      "size": {
        "0": 315,
        "1": 238
      },
      "flags": {},
      "order": 18,
      "mode": 0,
      "outputs": [
        {
          "name": "width",
          "type": "INT",
          "links": [
            1513,
            1517
          ],
          "shape": 3,
          "slot_index": 0
        },
        {
          "name": "height",
          "type": "INT",
          "links": [
            1514,
            1518
          ],
          "shape": 3,
          "slot_index": 1
        },
        {
          "name": "upscale_factor",
          "type": "FLOAT",
          "links": [
            1516
          ],
          "shape": 3,
          "slot_index": 2
        },
        {
          "name": "batch_size",
          "type": "INT",
          "links": [
            1515,
            1519
          ],
          "shape": 3,
          "slot_index": 3
        }
      ],
      "title": "XL Aspect Ratio",
      "properties": {
        "Node name for S&R": "CR SDXL Aspect Ratio"
      },
      "widgets_values": [
        1024,
        1024,
        "3:4 portrait 896x1152",
        "Off",
        2,
        1
      ],
      "color": "#222",
      "bgcolor": "#000"
    },
    {
      "id": 534,
      "type": "SeargeSamplerInputs",
      "pos": [
        1010,
        -320
      ],
      "size": [
        320,
        100
      ],
      "flags": {},
      "order": 19,
      "mode": 0,
      "outputs": [
        {
          "name": "sampler_name",
          "type": "SAMPLER_NAME",
          "links": [
            1598
          ],
          "shape": 3,
          "slot_index": 0
        },
        {
          "name": "scheduler",
          "type": "SCHEDULER_NAME",
          "links": [
            1599
          ],
          "shape": 3,
          "slot_index": 1
        }
      ],
      "properties": {
        "Node name for S&R": "SeargeSamplerInputs"
      },
      "widgets_values": [
        "dpmpp_2m",
        "karras"
      ],
      "color": "#222",
      "bgcolor": "#000"
    },
    {
      "id": 557,
      "type": "CR Apply ControlNet",
      "pos": [
        680,
        -575
      ],
      "size": {
        "0": 317.4000244140625,
        "1": 122
      },
      "flags": {},
      "order": 77,
      "mode": 0,
      "inputs": [
        {
          "name": "conditioning",
          "type": "CONDITIONING",
          "link": 1566
        },
        {
          "name": "control_net",
          "type": "CONTROL_NET",
          "link": 1501
        },
        {
          "name": "image",
          "type": "IMAGE",
          "link": 1502
        }
      ],
      "outputs": [
        {
          "name": "CONDITIONING",
          "type": "CONDITIONING",
          "links": [
            1601
          ],
          "shape": 3,
          "slot_index": 0
        }
      ],
      "title": "Apply ControlNet",
      "properties": {
        "Node name for S&R": "CR Apply ControlNet"
      },
      "widgets_values": [
        "Off",
        0.2
      ]
    },
    {
      "id": 573,
      "type": "Reroute",
      "pos": [
        565.4256519698438,
        286.861522045234
      ],
      "size": [
        82,
        26
      ],
      "flags": {
        "pinned": false
      },
      "order": 68,
      "mode": 0,
      "inputs": [
        {
          "name": "",
          "type": "*",
          "link": 1562
        }
      ],
      "outputs": [
        {
          "name": "MODEL",
          "type": "MODEL",
          "links": [
            1605
          ],
          "slot_index": 0
        }
      ],
      "properties": {
        "showOutputText": true,
        "horizontal": false
      }
    },
    {
      "id": 574,
      "type": "Reroute",
      "pos": [
        565.4256519698438,
        336.861522045234
      ],
      "size": [
        82,
        26
      ],
      "flags": {
        "pinned": false
      },
      "order": 50,
      "mode": 0,
      "inputs": [
        {
          "name": "",
          "type": "*",
          "link": 1563
        }
      ],
      "outputs": [
        {
          "name": "MODEL",
          "type": "MODEL",
          "links": [
            1606
          ],
          "slot_index": 0
        }
      ],
      "properties": {
        "showOutputText": true,
        "horizontal": false
      }
    },
    {
      "id": 578,
      "type": "SeargeSDXLRefinerPromptEncoder",
      "pos": [
        420,
        80
      ],
      "size": {
        "0": 302.1463623046875,
        "1": 170
      },
      "flags": {
        "pinned": false
      },
      "order": 67,
      "mode": 0,
      "inputs": [
        {
          "name": "refiner_clip",
          "type": "CLIP",
          "link": 1561
        },
        {
          "name": "pos_r",
          "type": "STRING",
          "link": 1590,
          "widget": {
            "name": "pos_r",
            "config": [
              "STRING",
              {
                "multiline": true,
                "default": "POS_R"
              }
            ]
          }
        },
        {
          "name": "neg_r",
          "type": "STRING",
          "link": 1591,
          "widget": {
            "name": "neg_r",
            "config": [
              "STRING",
              {
                "multiline": true,
                "default": "NEG_R"
              }
            ]
          }
        }
      ],
      "outputs": [
        {
          "name": "refiner_positive",
          "type": "CONDITIONING",
          "links": [
            1607
          ],
          "shape": 3,
          "slot_index": 0
        },
        {
          "name": "refiner_negative",
          "type": "CONDITIONING",
          "links": [
            1608
          ],
          "shape": 3,
          "slot_index": 1
        }
      ],
      "title": "SDXL Refiner Prompt Encoder",
      "properties": {
        "Node name for S&R": "SeargeSDXLRefinerPromptEncoder"
      },
      "widgets_values": [
        "POS_R",
        "NEG_R",
        6,
        2.5,
        2048,
        2048
      ]
    },
    {
      "id": 596,
      "type": "SeargeSDXLSamplerV3",
      "pos": [
        1010,
        -160
      ],
      "size": [
        320,
        600
      ],
      "flags": {},
      "order": 82,
      "mode": 0,
      "inputs": [
        {
          "name": "base_model",
          "type": "MODEL",
          "link": 1605
        },
        {
          "name": "base_positive",
          "type": "CONDITIONING",
          "link": 1601
        },
        {
          "name": "base_negative",
          "type": "CONDITIONING",
          "link": 1600
        },
        {
          "name": "refiner_model",
          "type": "MODEL",
          "link": 1606
        },
        {
          "name": "refiner_positive",
          "type": "CONDITIONING",
          "link": 1607
        },
        {
          "name": "refiner_negative",
          "type": "CONDITIONING",
          "link": 1608
        },
        {
          "name": "latent_image",
          "type": "LATENT",
          "link": 1609
        },
        {
          "name": "sampler_name",
          "type": "SAMPLER_NAME",
          "link": 1598
        },
        {
          "name": "scheduler",
          "type": "SCHEDULER_NAME",
          "link": 1599
        },
        {
          "name": "noise_seed",
          "type": "INT",
          "link": 1614,
          "widget": {
            "name": "noise_seed",
            "config": [
              "INT",
              {
                "default": 0,
                "min": 0,
                "max": 18446744073709552000
              }
            ]
          }
        }
      ],
      "outputs": [
        {
          "name": "LATENT",
          "type": "LATENT",
          "links": [
            1602
          ],
          "shape": 3,
          "slot_index": 0
        }
      ],
      "title": "XL Mix Sampler",
      "properties": {
        "Node name for S&R": "SeargeSDXLSamplerV3"
      },
      "widgets_values": [
        802134453857970,
        "randomize",
        20,
        7,
        0.8,
        1,
        0
      ],
      "color": "#222",
      "bgcolor": "#000"
    },
    {
      "id": 537,
      "type": "CR Img2Img Process Switch",
      "pos": [
        642,
        556
      ],
      "size": {
        "0": 277.0643615722656,
        "1": 81.25738525390625
      },
      "flags": {},
      "order": 81,
      "mode": 0,
      "inputs": [
        {
          "name": "txt2img",
          "type": "LATENT",
          "link": 1457
        },
        {
          "name": "img2img",
          "type": "LATENT",
          "link": 1458
        }
      ],
      "outputs": [
        {
          "name": "LATENT",
          "type": "LATENT",
          "links": [
            1609
          ],
          "shape": 3,
          "slot_index": 0
        }
      ],
      "title": "Img2Img Process Switch",
      "properties": {
        "Node name for S&R": "CR Img2Img Process Switch"
      },
      "widgets_values": [
        "txt2img"
      ],
      "color": "#322",
      "bgcolor": "#533"
    },
    {
      "id": 439,
      "type": "Reroute",
      "pos": [
        347,
        569
      ],
      "size": [
        75,
        26
      ],
      "flags": {
        "pinned": false
      },
      "order": 43,
      "mode": 0,
      "inputs": [
        {
          "name": "",
          "type": "*",
          "link": 1168
        }
      ],
      "outputs": [
        {
          "name": "INT",
          "type": "INT",
          "links": [
            1614
          ],
          "slot_index": 0
        }
      ],
      "properties": {
        "showOutputText": true,
        "horizontal": false
      }
    },
    {
      "id": 350,
      "type": "Reroute",
      "pos": [
        1230,
        690
      ],
      "size": [
        82,
        26
      ],
      "flags": {
        "pinned": false
      },
      "order": 48,
      "mode": 0,
      "inputs": [
        {
          "name": "",
          "type": "*",
          "link": 919
        }
      ],
      "outputs": [
        {
          "name": "FLOAT",
          "type": "FLOAT",
          "links": [
            1615
          ],
          "slot_index": 0
        }
      ],
      "properties": {
        "showOutputText": true,
        "horizontal": false
      }
    },
    {
      "id": 597,
      "type": "CR Upscale Image",
      "pos": [
        1765.209154117188,
        240
      ],
      "size": {
        "0": 320,
        "1": 200
      },
      "flags": {},
      "order": 85,
      "mode": 0,
      "inputs": [
        {
          "name": "image",
          "type": "IMAGE",
          "link": 1610
        },
        {
          "name": "rescale_factor",
          "type": "FLOAT",
          "link": 1615,
          "widget": {
            "name": "rescale_factor",
            "config": [
              "FLOAT",
              {
                "default": 2,
                "min": 0.01,
                "max": 16,
                "step": 0.01
              }
            ]
          }
        }
      ],
      "outputs": [
        {
          "name": "IMAGE",
          "type": "IMAGE",
          "links": [
            1611
          ],
          "shape": 3,
          "slot_index": 0
        }
      ],
      "title": "Upscale Image",
      "properties": {
        "Node name for S&R": "CR Upscale Image"
      },
      "widgets_values": [
        "4x-UltraSharp.pth",
        "rescale",
        2,
        1024,
        "lanczos",
        "true",
        8
      ]
    },
    {
      "id": 10,
      "type": "VAEDecodeTiled",
      "pos": [
        1490,
        270
      ],
      "size": {
        "0": 210,
        "1": 78
      },
      "flags": {
        "pinned": false,
        "collapsed": true
      },
      "order": 83,
      "mode": 0,
      "inputs": [
        {
          "name": "samples",
          "type": "LATENT",
          "link": 1602
        },
        {
          "name": "vae",
          "type": "VAE",
          "link": 65
        }
      ],
      "outputs": [
        {
          "name": "IMAGE",
          "type": "IMAGE",
          "links": [
            1311,
            1610
          ],
          "slot_index": 0
        }
      ],
      "properties": {
        "Node name for S&R": "VAEDecodeTiled"
      },
      "widgets_values": [
        512
      ]
    },
    {
      "id": 514,
      "type": "Reroute",
      "pos": [
        2240,
        240
      ],
      "size": [
        82,
        26
      ],
      "flags": {
        "pinned": false
      },
      "order": 86,
      "mode": 0,
      "inputs": [
        {
          "name": "",
          "type": "*",
          "link": 1611
        }
      ],
      "outputs": [
        {
          "name": "IMAGE",
          "type": "IMAGE",
          "links": [
            1388,
            1389,
            1394
          ]
        }
      ],
      "properties": {
        "showOutputText": true,
        "horizontal": false
      }
    },
    {
      "id": 594,
      "type": "PreviewImage",
      "pos": [
        3210,
        -340
      ],
      "size": {
        "0": 890,
        "1": 980
      },
      "flags": {},
      "order": 91,
      "mode": 0,
      "inputs": [
        {
          "name": "images",
          "type": "IMAGE",
          "link": 1594
        }
      ],
      "title": "1 - Default Image",
      "properties": {
        "Node name for S&R": "PreviewImage"
      },
      "shape": 1
    },
    {
      "id": 1,
      "type": "CheckpointLoaderSimple",
      "pos": [
        -2560,
        350
      ],
      "size": {
        "0": 383.0479431152344,
        "1": 109.41549682617188
      },
      "flags": {
        "pinned": false
      },
      "order": 20,
      "mode": 0,
      "outputs": [
        {
          "name": "MODEL",
          "type": "MODEL",
          "links": [
            346
          ],
          "slot_index": 0
        },
        {
          "name": "CLIP",
          "type": "CLIP",
          "links": [
            1
          ]
        },
        {
          "name": "VAE",
          "type": "VAE",
          "links": null
        }
      ],
      "title": "XL Refiner Model",
      "properties": {
        "Node name for S&R": "CheckpointLoaderSimple"
      },
      "widgets_values": [
        "SDXL\\sd_xl_refiner_1.0.safetensors"
      ],
      "color": "#222",
      "bgcolor": "#000"
    },
    {
      "id": 467,
      "type": "PreviewImage",
      "pos": [
        1720,
        540
      ],
      "size": [
        410,
        410
      ],
      "flags": {
        "pinned": false
      },
      "order": 84,
      "mode": 0,
      "inputs": [
        {
          "name": "images",
          "type": "IMAGE",
          "link": 1311
        }
      ],
      "properties": {
        "Node name for S&R": "PreviewImage"
      }
    },
    {
      "id": 401,
      "type": "CheckpointLoaderSimple",
      "pos": [
        -2560,
        180
      ],
      "size": {
        "0": 383.0479431152344,
        "1": 109.41549682617188
      },
      "flags": {
        "pinned": false
      },
      "order": 21,
      "mode": 0,
      "outputs": [
        {
          "name": "MODEL",
          "type": "MODEL",
          "links": [
            1043
          ],
          "slot_index": 0
        },
        {
          "name": "CLIP",
          "type": "CLIP",
          "links": [
            1042
          ]
        },
        {
          "name": "VAE",
          "type": "VAE",
          "links": null
        }
      ],
      "title": "XL Base Model",
      "properties": {
        "Node name for S&R": "CheckpointLoaderSimple"
      },
      "widgets_values": [
        "SDXL\\animegodxl_v5.safetensors"
      ],
      "color": "#222",
      "bgcolor": "#000"
    },
    {
      "id": 577,
      "type": "CR SDXL Base Prompt Encoder",
      "pos": [
        420,
        -280
      ],
      "size": {
        "0": 304.8154296875,
        "1": 290.5343933105469
      },
      "flags": {
        "pinned": false
      },
      "order": 73,
      "mode": 0,
      "inputs": [
        {
          "name": "base_clip",
          "type": "CLIP",
          "link": 1560
        },
        {
          "name": "pos_g",
          "type": "STRING",
          "link": 1593,
          "widget": {
            "name": "pos_g",
            "config": [
              "STRING",
              {
                "multiline": true,
                "default": "POS_G"
              }
            ]
          }
        },
        {
          "name": "pos_l",
          "type": "STRING",
          "link": 1587,
          "widget": {
            "name": "pos_l",
            "config": [
              "STRING",
              {
                "multiline": true,
                "default": "POS_L"
              }
            ]
          }
        },
        {
          "name": "neg_g",
          "type": "STRING",
          "link": 1588,
          "widget": {
            "name": "neg_g",
            "config": [
              "STRING",
              {
                "multiline": true,
                "default": "NEG_G"
              }
            ]
          }
        },
        {
          "name": "neg_l",
          "type": "STRING",
          "link": 1592,
          "widget": {
            "name": "neg_l",
            "config": [
              "STRING",
              {
                "multiline": true,
                "default": "NEG_L"
              }
            ]
          }
        }
      ],
      "outputs": [
        {
          "name": "base_positive",
          "type": "CONDITIONING",
          "links": [
            1566
          ],
          "shape": 3,
          "slot_index": 0
        },
        {
          "name": "base_negative",
          "type": "CONDITIONING",
          "links": [
            1600
          ],
          "shape": 3,
          "slot_index": 1
        }
      ],
      "title": "XL Base Prompt Encoder",
      "properties": {
        "Node name for S&R": "CR SDXL Base Prompt Encoder"
      },
      "widgets_values": [
        "POS_G",
        "POS_L",
        "NEG_G",
        "NEG_L",
        "preset A",
        4096,
        4096,
        0,
        0,
        4096,
        4096
      ]
    },
    {
      "id": 592,
      "type": "CR SDXL Prompt Mix Presets",
      "pos": [
        60,
        -200
      ],
      "size": {
        "0": 280,
        "1": 240
      },
      "flags": {},
      "order": 41,
      "mode": 0,
      "inputs": [
        {
          "name": "prompt_positive",
          "type": "STRING",
          "link": 1612,
          "widget": {
            "name": "prompt_positive",
            "config": [
              "STRING",
              {
                "multiline": true,
                "default": "BASE_POSITIVE"
              }
            ]
          }
        },
        {
          "name": "prompt_negative",
          "type": "STRING",
          "link": 1613,
          "widget": {
            "name": "prompt_negative",
            "config": [
              "STRING",
              {
                "multiline": true,
                "default": "BASE_NEGATIVE"
              }
            ]
          }
        },
        {
          "name": "style_positive",
          "type": "STRING",
          "link": 1584,
          "widget": {
            "name": "style_positive",
            "config": [
              "STRING",
              {
                "multiline": true,
                "default": "REFINER_POSTIVE"
              }
            ]
          }
        },
        {
          "name": "style_negative",
          "type": "STRING",
          "link": 1585,
          "widget": {
            "name": "style_negative",
            "config": [
              "STRING",
              {
                "multiline": true,
                "default": "REFINER_NEGATIVE"
              }
            ]
          }
        }
      ],
      "outputs": [
        {
          "name": "pos_g",
          "type": "STRING",
          "links": [
            1593
          ],
          "shape": 3,
          "slot_index": 0
        },
        {
          "name": "pos_l",
          "type": "STRING",
          "links": [
            1587
          ],
          "shape": 3,
          "slot_index": 1
        },
        {
          "name": "pos_r",
          "type": "STRING",
          "links": [
            1590
          ],
          "shape": 3,
          "slot_index": 2
        },
        {
          "name": "neg_g",
          "type": "STRING",
          "links": [
            1588
          ],
          "shape": 3,
          "slot_index": 3
        },
        {
          "name": "neg_l",
          "type": "STRING",
          "links": [
            1592
          ],
          "shape": 3,
          "slot_index": 4
        },
        {
          "name": "neg_r",
          "type": "STRING",
          "links": [
            1591
          ],
          "shape": 3,
          "slot_index": 5
        }
      ],
      "properties": {
        "Node name for S&R": "CR SDXL Prompt Mix Presets"
      },
      "widgets_values": [
        "BASE_POSITIVE",
        "BASE_NEGATIVE",
        "REFINER_POSTIVE",
        "REFINER_NEGATIVE",
        "default with no style text"
      ]
    },
    {
      "id": 598,
      "type": "MilehighStyler",
      "pos": [
        -390,
        -290
      ],
      "size": [
        390,
        420
      ],
      "flags": {},
      "order": 22,
      "mode": 0,
      "outputs": [
        {
          "name": "text_positive",
          "type": "STRING",
          "links": [
            1612
          ],
          "shape": 3,
          "slot_index": 0
        },
        {
          "name": "text_negative",
          "type": "STRING",
          "links": [
            1613
          ],
          "shape": 3,
          "slot_index": 1
        }
      ],
      "title": "SDXL Prompt Styler",
      "properties": {
        "Node name for S&R": "MilehighStyler"
      },
      "widgets_values": [
        "aggressive  backlit  contrast  Photograph of  cinematic film still portrait of a solo female mech pilot standing in front of her (large combat mech:1.3), scifi armor, military base, heavy rain, full scifi helmet, visor, detailed eyes, dry skin, skin fuzz, visible skin hair, skin blemishes\n\nshallow depth of field, vignette, highly detailed, high budget Hollywood film, bokeh, cinemascope, moody, epic, gorgeous, film grain , captured on a (Fujifilm FinePix XP140)",
        "calm, frontlit, brightness, indoor use, shock-prone, ",
        "Antarctica",
        false
      ],
      "color": "#222",
      "bgcolor": "#000"
    }
  ],
  "links": [
    [
      1,
      1,
      1,
      2,
      0,
      "CLIP"
    ],
    [
      65,
      27,
      0,
      10,
      1,
      "VAE"
    ],
    [
      312,
      135,
      0,
      27,
      0,
      "*"
    ],
    [
      346,
      1,
      0,
      144,
      0,
      "*"
    ],
    [
      514,
      8,
      0,
      203,
      0,
      "*"
    ],
    [
      516,
      203,
      0,
      139,
      0,
      "*"
    ],
    [
      565,
      139,
      0,
      135,
      0,
      "*"
    ],
    [
      882,
      341,
      0,
      338,
      0,
      "*"
    ],
    [
      883,
      340,
      0,
      339,
      0,
      "*"
    ],
    [
      900,
      339,
      0,
      40,
      2,
      "INT"
    ],
    [
      901,
      338,
      0,
      40,
      1,
      "INT"
    ],
    [
      919,
      354,
      0,
      350,
      0,
      "*"
    ],
    [
      992,
      37,
      0,
      43,
      0,
      "IMAGE"
    ],
    [
      1042,
      401,
      1,
      402,
      0,
      "CLIP"
    ],
    [
      1043,
      401,
      0,
      403,
      0,
      "*"
    ],
    [
      1044,
      402,
      0,
      404,
      0,
      "*"
    ],
    [
      1168,
      360,
      0,
      439,
      0,
      "*"
    ],
    [
      1311,
      10,
      0,
      467,
      0,
      "IMAGE"
    ],
    [
      1317,
      470,
      0,
      471,
      0,
      "*"
    ],
    [
      1318,
      6,
      0,
      470,
      0,
      "*"
    ],
    [
      1321,
      40,
      0,
      110,
      0,
      "IMAGE"
    ],
    [
      1337,
      37,
      0,
      475,
      0,
      "IMAGE"
    ],
    [
      1338,
      482,
      0,
      483,
      0,
      "IMAGE"
    ],
    [
      1369,
      476,
      0,
      40,
      0,
      "IMAGE"
    ],
    [
      1384,
      508,
      0,
      502,
      0,
      "IMAGE"
    ],
    [
      1385,
      502,
      0,
      503,
      0,
      "IMAGE"
    ],
    [
      1388,
      514,
      0,
      507,
      0,
      "IMAGE"
    ],
    [
      1389,
      514,
      0,
      508,
      0,
      "IMAGE"
    ],
    [
      1390,
      507,
      0,
      508,
      1,
      "IMAGE"
    ],
    [
      1391,
      508,
      0,
      510,
      0,
      "IMAGE"
    ],
    [
      1392,
      503,
      0,
      510,
      1,
      "IMAGE"
    ],
    [
      1394,
      514,
      0,
      515,
      0,
      "*"
    ],
    [
      1395,
      503,
      0,
      516,
      0,
      "*"
    ],
    [
      1396,
      510,
      0,
      517,
      0,
      "*"
    ],
    [
      1397,
      507,
      0,
      518,
      0,
      "*"
    ],
    [
      1399,
      517,
      0,
      519,
      0,
      "IMAGE"
    ],
    [
      1409,
      2,
      0,
      520,
      0,
      "*"
    ],
    [
      1417,
      526,
      0,
      523,
      0,
      "IMAGE"
    ],
    [
      1418,
      526,
      0,
      524,
      0,
      "IMAGE"
    ],
    [
      1420,
      528,
      0,
      526,
      1,
      "IMAGE"
    ],
    [
      1421,
      529,
      0,
      528,
      1,
      "IMAGE"
    ],
    [
      1422,
      525,
      1,
      529,
      0,
      "IMAGE"
    ],
    [
      1423,
      40,
      0,
      526,
      0,
      "IMAGE"
    ],
    [
      1424,
      40,
      0,
      525,
      0,
      "IMAGE"
    ],
    [
      1427,
      338,
      0,
      530,
      0,
      "*"
    ],
    [
      1428,
      339,
      0,
      531,
      0,
      "*"
    ],
    [
      1429,
      531,
      0,
      529,
      2,
      "INT"
    ],
    [
      1430,
      530,
      0,
      529,
      1,
      "INT"
    ],
    [
      1432,
      135,
      0,
      523,
      1,
      "VAE"
    ],
    [
      1433,
      40,
      0,
      528,
      0,
      "IMAGE"
    ],
    [
      1456,
      523,
      0,
      538,
      0,
      "LATENT"
    ],
    [
      1457,
      471,
      0,
      537,
      0,
      "LATENT"
    ],
    [
      1458,
      538,
      0,
      537,
      1,
      "LATENT"
    ],
    [
      1459,
      539,
      0,
      476,
      3,
      "IMAGE"
    ],
    [
      1487,
      544,
      0,
      545,
      0,
      "LORA_STACK"
    ],
    [
      1488,
      545,
      0,
      546,
      2,
      "LORA_STACK"
    ],
    [
      1491,
      403,
      0,
      546,
      0,
      "MODEL"
    ],
    [
      1492,
      404,
      0,
      546,
      1,
      "CLIP"
    ],
    [
      1493,
      540,
      0,
      538,
      1,
      "INT"
    ],
    [
      1495,
      551,
      0,
      550,
      0,
      "IMAGE"
    ],
    [
      1498,
      555,
      0,
      554,
      0,
      "*"
    ],
    [
      1499,
      558,
      0,
      555,
      0,
      "*"
    ],
    [
      1501,
      552,
      0,
      557,
      1,
      "CONTROL_NET"
    ],
    [
      1502,
      554,
      0,
      557,
      2,
      "IMAGE"
    ],
    [
      1504,
      559,
      0,
      558,
      1,
      "IMAGE"
    ],
    [
      1506,
      561,
      0,
      558,
      3,
      "IMAGE"
    ],
    [
      1507,
      550,
      0,
      559,
      0,
      "IMAGE"
    ],
    [
      1509,
      550,
      0,
      561,
      0,
      "IMAGE"
    ],
    [
      1510,
      548,
      0,
      552,
      0,
      "*"
    ],
    [
      1513,
      562,
      0,
      6,
      0,
      "INT"
    ],
    [
      1514,
      562,
      1,
      6,
      1,
      "INT"
    ],
    [
      1515,
      562,
      3,
      6,
      2,
      "INT"
    ],
    [
      1516,
      562,
      2,
      354,
      0,
      "*"
    ],
    [
      1517,
      562,
      0,
      341,
      0,
      "*"
    ],
    [
      1518,
      562,
      1,
      340,
      0,
      "*"
    ],
    [
      1519,
      562,
      3,
      540,
      0,
      "*"
    ],
    [
      1522,
      341,
      0,
      550,
      1,
      "INT"
    ],
    [
      1523,
      340,
      0,
      550,
      2,
      "INT"
    ],
    [
      1531,
      567,
      0,
      558,
      2,
      "IMAGE"
    ],
    [
      1532,
      550,
      0,
      567,
      0,
      "IMAGE"
    ],
    [
      1533,
      558,
      0,
      556,
      0,
      "IMAGE"
    ],
    [
      1558,
      546,
      1,
      579,
      0,
      "*"
    ],
    [
      1559,
      520,
      0,
      580,
      0,
      "*"
    ],
    [
      1560,
      579,
      0,
      577,
      0,
      "CLIP"
    ],
    [
      1561,
      580,
      0,
      578,
      0,
      "CLIP"
    ],
    [
      1562,
      546,
      0,
      573,
      0,
      "*"
    ],
    [
      1563,
      144,
      0,
      574,
      0,
      "*"
    ],
    [
      1566,
      577,
      0,
      557,
      0,
      "CONDITIONING"
    ],
    [
      1572,
      586,
      0,
      360,
      0,
      "*"
    ],
    [
      1573,
      475,
      0,
      476,
      2,
      "IMAGE"
    ],
    [
      1574,
      43,
      0,
      476,
      1,
      "IMAGE"
    ],
    [
      1575,
      587,
      0,
      476,
      0,
      "IMAGE"
    ],
    [
      1576,
      482,
      0,
      587,
      0,
      "IMAGE"
    ],
    [
      1577,
      37,
      0,
      587,
      1,
      "IMAGE"
    ],
    [
      1579,
      589,
      0,
      558,
      0,
      "IMAGE"
    ],
    [
      1580,
      551,
      0,
      589,
      0,
      "IMAGE"
    ],
    [
      1584,
      576,
      0,
      592,
      2,
      "STRING"
    ],
    [
      1585,
      576,
      1,
      592,
      3,
      "STRING"
    ],
    [
      1587,
      592,
      1,
      577,
      2,
      "STRING"
    ],
    [
      1588,
      592,
      3,
      577,
      3,
      "STRING"
    ],
    [
      1590,
      592,
      2,
      578,
      1,
      "STRING"
    ],
    [
      1591,
      592,
      5,
      578,
      2,
      "STRING"
    ],
    [
      1592,
      592,
      4,
      577,
      4,
      "STRING"
    ],
    [
      1593,
      592,
      0,
      577,
      1,
      "STRING"
    ],
    [
      1594,
      515,
      0,
      594,
      0,
      "IMAGE"
    ],
    [
      1595,
      518,
      0,
      593,
      0,
      "IMAGE"
    ],
    [
      1596,
      516,
      0,
      595,
      0,
      "IMAGE"
    ],
    [
      1598,
      534,
      0,
      596,
      7,
      "SAMPLER_NAME"
    ],
    [
      1599,
      534,
      1,
      596,
      8,
      "SCHEDULER_NAME"
    ],
    [
      1600,
      577,
      1,
      596,
      2,
      "CONDITIONING"
    ],
    [
      1601,
      557,
      0,
      596,
      1,
      "CONDITIONING"
    ],
    [
      1602,
      596,
      0,
      10,
      0,
      "LATENT"
    ],
    [
      1605,
      573,
      0,
      596,
      0,
      "MODEL"
    ],
    [
      1606,
      574,
      0,
      596,
      3,
      "MODEL"
    ],
    [
      1607,
      578,
      0,
      596,
      4,
      "CONDITIONING"
    ],
    [
      1608,
      578,
      1,
      596,
      5,
      "CONDITIONING"
    ],
    [
      1609,
      537,
      0,
      596,
      6,
      "LATENT"
    ],
    [
      1610,
      10,
      0,
      597,
      0,
      "IMAGE"
    ],
    [
      1611,
      597,
      0,
      514,
      0,
      "*"
    ],
    [
      1612,
      598,
      0,
      592,
      0,
      "STRING"
    ],
    [
      1613,
      598,
      1,
      592,
      1,
      "STRING"
    ],
    [
      1614,
      439,
      0,
      596,
      9,
      "INT"
    ],
    [
      1615,
      350,
      0,
      597,
      1,
      "FLOAT"
    ]
  ],
  "groups": [
    {
      "title": "Img2Img",
      "bounding": [
        -1148,
        1014,
        1359,
        766
      ],
      "color": "#3f789e",
      "locked": false
    },
    {
      "title": "Image Upscale",
      "bounding": [
        1725,
        139,
        407,
        338
      ],
      "color": "#3f789e",
      "locked": false
    },
    {
      "title": "Comfyroll Advanced SDXL Template B",
      "bounding": [
        -2652,
        -971,
        8646,
        2811
      ],
      "color": "#3f789e",
      "locked": false
    },
    {
      "title": "Prompt",
      "bounding": [
        -429,
        -392,
        1201,
        877
      ],
      "color": "#3f789e",
      "locked": false
    },
    {
      "title": "XL Model and VAE",
      "bounding": [
        -2594,
        56,
        905,
        1023
      ],
      "color": "#3f789e",
      "locked": false
    },
    {
      "title": "XL LoRAs",
      "bounding": [
        -1619,
        60,
        1133,
        458
      ],
      "color": "#3f789e",
      "locked": false
    },
    {
      "title": "ControlNet",
      "bounding": [
        -1618,
        -869,
        1125,
        884
      ],
      "color": "#3f789e",
      "locked": false
    },
    {
      "title": "Image Batch",
      "bounding": [
        -1628,
        1014,
        422,
        760
      ],
      "color": "#3f789e",
      "locked": false
    },
    {
      "title": "Post Process",
      "bounding": [
        2191,
        138,
        942,
        1129
      ],
      "color": "#3f789e",
      "locked": false
    },
    {
      "title": "Image Padding",
      "bounding": [
        275,
        1013,
        1109,
        766
      ],
      "color": "#3f789e",
      "locked": false
    },
    {
      "title": "Sampling",
      "bounding": [
        965,
        -413,
        407,
        893
      ],
      "color": "#3f789e",
      "locked": false
    },
    {
      "title": "XL ControlNet Model",
      "bounding": [
        -426,
        -870,
        869,
        386
      ],
      "color": "#3f789e",
      "locked": false
    }
  ],
  "config": {},
  "extra": {},
  "version": 0.4
}