{
  "last_node_id": 544,
  "last_link_id": 1548,
  "nodes": [
    {
      "id": 299,
      "type": "Note",
      "pos": [
        -914.429312926477,
        1185.0555219729831
      ],
      "size": {
        "0": 257.0536804199219,
        "1": 87.6279067993164
      },
      "flags": {
        "collapsed": false,
        "pinned": false
      },
      "order": 0,
      "mode": 0,
      "properties": {
        "text": ""
      },
      "widgets_values": [
        "Switch between:\n(1) normal\n(2) inverted\n(3) tinted\n"
      ],
      "color": "#432",
      "bgcolor": "#653"
    },
    {
      "id": 1,
      "type": "CheckpointLoaderSimple",
      "pos": [
        -2549.130774805798,
        317.36555205320167
      ],
      "size": {
        "0": 383.0479431152344,
        "1": 109.41549682617188
      },
      "flags": {
        "pinned": false
      },
      "order": 1,
      "mode": 0,
      "outputs": [
        {
          "name": "MODEL",
          "type": "MODEL",
          "links": [
            346
          ],
          "slot_index": 0
        },
        {
          "name": "CLIP",
          "type": "CLIP",
          "links": [
            1
          ]
        },
        {
          "name": "VAE",
          "type": "VAE",
          "links": null
        }
      ],
      "title": "Refiner XL Model",
      "properties": {
        "Node name for S&R": "CheckpointLoaderSimple"
      },
      "widgets_values": [
        "SDXL\\sd_xl_refiner_1.0.safetensors"
      ],
      "color": "#222",
      "bgcolor": "#000"
    },
    {
      "id": 487,
      "type": "Note",
      "pos": [
        -2120,
        -490
      ],
      "size": {
        "0": 440.73187255859375,
        "1": 394.64703369140625
      },
      "flags": {
        "pinned": false
      },
      "order": 2,
      "mode": 0,
      "title": "Setup and Tips",
      "properties": {
        "text": ""
      },
      "widgets_values": [
        "On first use:\n- select models and VAE\n- select a default XL LoRA in each Load LoRA node or set to None and Off\n- select an upscale model\n- select an XL ControlNet model\n- add an image in each of the Load Images nodes (purple node)\n- select the batch_size in CR Aspect Ratio SDXL\n- set the filename_prefix in Save Image to your preferred sub-folder\n- save a copy to use as a template\n\nTips:\n- Notes can be opened by clicking on the dots (green nodes)\n- Each optional component can be bypassed using logic switches (red nodes)\n- The default setting for all logic switches is OFF (1)\n- Use Comfyroll Manager to find any missing custom nodes\n- Right-click on nodes and select Pin to pin/unpin the node\n"
      ],
      "color": "#233",
      "bgcolor": "#355"
    },
    {
      "id": 91,
      "type": "Note",
      "pos": [
        -2590,
        -490
      ],
      "size": {
        "0": 437.0686340332031,
        "1": 394.23388671875
      },
      "flags": {
        "pinned": false
      },
      "order": 3,
      "mode": 0,
      "title": "Workbook Details",
      "properties": {
        "text": ""
      },
      "widgets_values": [
        "Comfyroll SDXL Workflow Templates\nhttps://civitai.com/models/118005/comfyroll-sdxl-workflow-templates\n\nThis template can be used with any SDXL model.\nIt is not recommended to use SD 1.5 models with this template.\n\nRequires:\nWAS Custom Nodes\nhttps://civitai.com/models/20793/was-node-suite-comfyui\nComfyroll Custom Nodes\nhttps://civitai.com/models/87609/comfyroll-custom-nodes-for-comfyui\nSearge SDXL Nodes\nhttps://civitai.com/models/111463\nSDXL Mile High Styler\nhttps://civitai.com/models/119246\n\nAugust 2023\nAkatsuzi\n"
      ],
      "color": "#432",
      "bgcolor": "#653"
    },
    {
      "id": 490,
      "type": "CheckpointLoaderSimple",
      "pos": [
        -2549.130774805798,
        147.36555205320255
      ],
      "size": {
        "0": 383.0479431152344,
        "1": 109.41549682617188
      },
      "flags": {
        "pinned": false
      },
      "order": 4,
      "mode": 0,
      "outputs": [
        {
          "name": "MODEL",
          "type": "MODEL",
          "links": [
            1358
          ],
          "shape": 3,
          "slot_index": 0
        },
        {
          "name": "CLIP",
          "type": "CLIP",
          "links": [
            1359
          ],
          "shape": 3,
          "slot_index": 1
        },
        {
          "name": "VAE",
          "type": "VAE",
          "links": null,
          "shape": 3
        }
      ],
      "title": "Base XL Model",
      "properties": {
        "Node name for S&R": "CheckpointLoaderSimple"
      },
      "widgets_values": [
        "SDXL\\sd_xl_base_1.0.safetensors"
      ],
      "color": "#222",
      "bgcolor": "#000"
    },
    {
      "id": 491,
      "type": "LoadImage",
      "pos": [
        -1543.6309662703447,
        1011.7655946986413
      ],
      "size": {
        "0": 221.99734497070312,
        "1": 314.0000305175781
      },
      "flags": {
        "pinned": false
      },
      "order": 5,
      "mode": 0,
      "outputs": [
        {
          "name": "IMAGE",
          "type": "IMAGE",
          "links": [
            1360,
            1373,
            1374
          ],
          "shape": 3,
          "slot_index": 0
        },
        {
          "name": "MASK",
          "type": "MASK",
          "links": null,
          "shape": 3
        }
      ],
      "properties": {
        "Node name for S&R": "LoadImage"
      },
      "widgets_values": [
        "image.png",
        "image"
      ],
      "color": "#323",
      "bgcolor": "#535"
    },
    {
      "id": 8,
      "type": "VAELoader",
      "pos": [
        -2549.130774805798,
        487.3655520532011
      ],
      "size": {
        "0": 380.9580383300781,
        "1": 58
      },
      "flags": {
        "pinned": false
      },
      "order": 6,
      "mode": 0,
      "outputs": [
        {
          "name": "VAE",
          "type": "VAE",
          "links": [
            1477
          ],
          "slot_index": 0
        }
      ],
      "title": "XL VAE",
      "properties": {
        "Node name for S&R": "VAELoader"
      },
      "widgets_values": [
        "sdxl_vae_fixed.safetensors"
      ],
      "color": "#222",
      "bgcolor": "#000"
    },
    {
      "id": 505,
      "type": "ControlNetLoader",
      "pos": [
        -1220,
        -440
      ],
      "size": {
        "0": 422,
        "1": 58
      },
      "flags": {},
      "order": 7,
      "mode": 0,
      "outputs": [
        {
          "name": "CONTROL_NET",
          "type": "CONTROL_NET",
          "links": [
            1443
          ],
          "slot_index": 0
        }
      ],
      "title": "Load XL ControlNet Model",
      "properties": {
        "Node name for S&R": "ControlNetLoader"
      },
      "widgets_values": [
        "SDXL1.0_canny_fp16.safetensors"
      ],
      "color": "#222",
      "bgcolor": "#000"
    },
    {
      "id": 524,
      "type": "CR LoRA Stack",
      "pos": [
        -1580,
        130
      ],
      "size": {
        "0": 365,
        "1": 322
      },
      "flags": {},
      "order": 8,
      "mode": 0,
      "inputs": [
        {
          "name": "lora_stack",
          "type": "LORA_STACK",
          "link": null
        }
      ],
      "outputs": [
        {
          "name": "LORA_STACK",
          "type": "LORA_STACK",
          "links": [
            1471
          ],
          "shape": 3,
          "slot_index": 0
        }
      ],
      "title": "XL LoRA Stack 1",
      "properties": {
        "Node name for S&R": "CR LoRA Stack"
      },
      "widgets_values": [
        "Off",
        "SDXL\\sd_xl_offset_example-lora_1.0.safetensors",
        0.5,
        0.5,
        "Off",
        "None",
        1,
        1,
        "Off",
        "None",
        1,
        1
      ],
      "color": "#222",
      "bgcolor": "#000"
    },
    {
      "id": 512,
      "type": "LoadImage",
      "pos": [
        -1578.1445515763126,
        -417.79503104176325
      ],
      "size": {
        "0": 272.1417541503906,
        "1": 370.9371643066406
      },
      "flags": {
        "pinned": false
      },
      "order": 9,
      "mode": 0,
      "outputs": [
        {
          "name": "IMAGE",
          "type": "IMAGE",
          "links": [
            1432
          ],
          "shape": 3,
          "slot_index": 0
        },
        {
          "name": "MASK",
          "type": "MASK",
          "links": null,
          "shape": 3
        }
      ],
      "properties": {
        "Node name for S&R": "LoadImage"
      },
      "widgets_values": [
        "image.png",
        "image"
      ],
      "color": "#323",
      "bgcolor": "#535"
    },
    {
      "id": 532,
      "type": "CR Seed",
      "pos": [
        -2550,
        610
      ],
      "size": {
        "0": 315,
        "1": 82
      },
      "flags": {},
      "order": 10,
      "mode": 0,
      "outputs": [
        {
          "name": "seed",
          "type": "INT",
          "links": [
            1505
          ],
          "shape": 3,
          "slot_index": 0
        }
      ],
      "title": "Seed",
      "properties": {
        "Node name for S&R": "CR Seed"
      },
      "widgets_values": [
        274224775493818,
        "randomize"
      ],
      "color": "#222",
      "bgcolor": "#000"
    },
    {
      "id": 144,
      "type": "Reroute",
      "pos": [
        -1811.1307748057789,
        321.36555205320167
      ],
      "size": [
        82,
        26
      ],
      "flags": {
        "pinned": false
      },
      "order": 15,
      "mode": 0,
      "inputs": [
        {
          "name": "",
          "type": "*",
          "link": 346
        }
      ],
      "outputs": [
        {
          "name": "MODEL",
          "type": "MODEL",
          "links": [
            1256
          ],
          "slot_index": 0
        }
      ],
      "properties": {
        "showOutputText": true,
        "horizontal": false
      }
    },
    {
      "id": 2,
      "type": "CLIPSetLastLayer",
      "pos": [
        -2099.1307748057898,
        337.36555205320144
      ],
      "size": {
        "0": 229.81015014648438,
        "1": 58
      },
      "flags": {
        "pinned": false
      },
      "order": 16,
      "mode": 0,
      "inputs": [
        {
          "name": "clip",
          "type": "CLIP",
          "link": 1
        }
      ],
      "outputs": [
        {
          "name": "CLIP",
          "type": "CLIP",
          "links": [
            343
          ],
          "slot_index": 0
        }
      ],
      "properties": {
        "Node name for S&R": "CLIPSetLastLayer"
      },
      "widgets_values": [
        -1
      ],
      "color": "#222",
      "bgcolor": "#000"
    },
    {
      "id": 403,
      "type": "Reroute",
      "pos": [
        -1809.1307748057789,
        147.36555205320255
      ],
      "size": [
        82,
        26
      ],
      "flags": {
        "pinned": false
      },
      "order": 17,
      "mode": 0,
      "inputs": [
        {
          "name": "",
          "type": "*",
          "link": 1358
        }
      ],
      "outputs": [
        {
          "name": "MODEL",
          "type": "MODEL",
          "links": [
            1475
          ],
          "slot_index": 0
        }
      ],
      "properties": {
        "showOutputText": true,
        "horizontal": false
      }
    },
    {
      "id": 402,
      "type": "CLIPSetLastLayer",
      "pos": [
        -2098.1307748057898,
        167.36555205320263
      ],
      "size": {
        "0": 229.81015014648438,
        "1": 58
      },
      "flags": {
        "pinned": false
      },
      "order": 18,
      "mode": 0,
      "inputs": [
        {
          "name": "clip",
          "type": "CLIP",
          "link": 1359
        }
      ],
      "outputs": [
        {
          "name": "CLIP",
          "type": "CLIP",
          "links": [
            1044
          ],
          "slot_index": 0
        }
      ],
      "properties": {
        "Node name for S&R": "CLIPSetLastLayer"
      },
      "widgets_values": [
        -1
      ],
      "color": "#222",
      "bgcolor": "#000"
    },
    {
      "id": 43,
      "type": "ImageInvert",
      "pos": [
        -1243.6309662703459,
        1091.7655946986424
      ],
      "size": {
        "0": 235.23483276367188,
        "1": 31.74258041381836
      },
      "flags": {
        "pinned": false
      },
      "order": 19,
      "mode": 0,
      "inputs": [
        {
          "name": "image",
          "type": "IMAGE",
          "link": 1373
        }
      ],
      "outputs": [
        {
          "name": "IMAGE",
          "type": "IMAGE",
          "links": [
            1333
          ],
          "slot_index": 0
        }
      ],
      "properties": {
        "Node name for S&R": "ImageInvert"
      }
    },
    {
      "id": 475,
      "type": "CR Color Tint",
      "pos": [
        -1242.4293129264756,
        1187.0555219729831
      ],
      "size": {
        "0": 231.6181640625,
        "1": 82
      },
      "flags": {
        "pinned": false
      },
      "order": 20,
      "mode": 0,
      "inputs": [
        {
          "name": "image",
          "type": "IMAGE",
          "link": 1374
        }
      ],
      "outputs": [
        {
          "name": "IMAGE",
          "type": "IMAGE",
          "links": [
            1334
          ],
          "shape": 3,
          "slot_index": 0
        }
      ],
      "title": "Color Tint",
      "properties": {
        "Node name for S&R": "CR Color Tint"
      },
      "widgets_values": [
        1,
        "lime"
      ]
    },
    {
      "id": 501,
      "type": "Reroute",
      "pos": [
        -1580,
        640
      ],
      "size": [
        75,
        26
      ],
      "flags": {
        "pinned": false
      },
      "order": 21,
      "mode": 0,
      "inputs": [
        {
          "name": "",
          "type": "*",
          "link": 1477
        }
      ],
      "outputs": [
        {
          "name": "VAE",
          "type": "VAE",
          "links": [
            1424
          ],
          "slot_index": 0
        }
      ],
      "properties": {
        "showOutputText": true,
        "horizontal": false
      }
    },
    {
      "id": 514,
      "type": "Reroute",
      "pos": [
        -423,
        -510
      ],
      "size": [
        132.39999999999998,
        26
      ],
      "flags": {
        "pinned": false
      },
      "order": 22,
      "mode": 0,
      "inputs": [
        {
          "name": "",
          "type": "*",
          "link": 1443
        }
      ],
      "outputs": [
        {
          "name": "CONTROL_NET",
          "type": "CONTROL_NET",
          "links": [
            1442
          ],
          "slot_index": 0
        }
      ],
      "properties": {
        "showOutputText": true,
        "horizontal": false
      }
    },
    {
      "id": 341,
      "type": "Reroute",
      "pos": [
        -1580,
        740
      ],
      "size": [
        75,
        26
      ],
      "flags": {
        "pinned": false
      },
      "order": 25,
      "mode": 0,
      "inputs": [
        {
          "name": "",
          "type": "*",
          "link": 1463
        }
      ],
      "outputs": [
        {
          "name": "INT",
          "type": "INT",
          "links": [
            1427,
            1438
          ],
          "slot_index": 0
        }
      ],
      "properties": {
        "showOutputText": true,
        "horizontal": false
      }
    },
    {
      "id": 340,
      "type": "Reroute",
      "pos": [
        -1580,
        790
      ],
      "size": [
        75,
        26
      ],
      "flags": {
        "pinned": false
      },
      "order": 26,
      "mode": 0,
      "inputs": [
        {
          "name": "",
          "type": "*",
          "link": 1464
        }
      ],
      "outputs": [
        {
          "name": "INT",
          "type": "INT",
          "links": [
            883,
            1439
          ],
          "slot_index": 0
        }
      ],
      "properties": {
        "showOutputText": true,
        "horizontal": false
      }
    },
    {
      "id": 354,
      "type": "Reroute",
      "pos": [
        -1580,
        690
      ],
      "size": [
        82,
        26
      ],
      "flags": {
        "pinned": false
      },
      "order": 27,
      "mode": 0,
      "inputs": [
        {
          "name": "",
          "type": "*",
          "link": 1465
        }
      ],
      "outputs": [
        {
          "name": "FLOAT",
          "type": "FLOAT",
          "links": [
            919
          ],
          "slot_index": 0
        }
      ],
      "properties": {
        "showOutputText": true,
        "horizontal": false
      }
    },
    {
      "id": 6,
      "type": "EmptyLatentImage",
      "pos": [
        -2100,
        720
      ],
      "size": {
        "0": 210,
        "1": 74
      },
      "flags": {
        "pinned": false,
        "collapsed": true
      },
      "order": 28,
      "mode": 0,
      "inputs": [
        {
          "name": "width",
          "type": "INT",
          "link": 1460,
          "widget": {
            "name": "width",
            "config": [
              "INT",
              {
                "default": 512,
                "min": 64,
                "max": 8192,
                "step": 8
              }
            ]
          }
        },
        {
          "name": "height",
          "type": "INT",
          "link": 1461,
          "widget": {
            "name": "height",
            "config": [
              "INT",
              {
                "default": 512,
                "min": 64,
                "max": 8192,
                "step": 8
              }
            ]
          }
        },
        {
          "name": "batch_size",
          "type": "INT",
          "link": 1462,
          "widget": {
            "name": "batch_size",
            "config": [
              "INT",
              {
                "default": 1,
                "min": 1,
                "max": 64
              }
            ]
          }
        }
      ],
      "outputs": [
        {
          "name": "LATENT",
          "type": "LATENT",
          "links": [
            1318
          ],
          "slot_index": 0
        }
      ],
      "properties": {
        "Node name for S&R": "EmptyLatentImage"
      },
      "widgets_values": [
        512,
        768,
        1
      ]
    },
    {
      "id": 139,
      "type": "Reroute",
      "pos": [
        -1580,
        840
      ],
      "size": [
        75,
        26
      ],
      "flags": {
        "pinned": false
      },
      "order": 29,
      "mode": 0,
      "inputs": [
        {
          "name": "",
          "type": "*",
          "link": 1466
        }
      ],
      "outputs": [
        {
          "name": "INT",
          "type": "INT",
          "links": [
            565
          ],
          "slot_index": 0
        }
      ],
      "properties": {
        "showOutputText": true,
        "horizontal": false
      }
    },
    {
      "id": 522,
      "type": "CR LoRA Stack",
      "pos": [
        -1170,
        130
      ],
      "size": {
        "0": 365,
        "1": 322
      },
      "flags": {},
      "order": 23,
      "mode": 0,
      "inputs": [
        {
          "name": "lora_stack",
          "type": "LORA_STACK",
          "link": 1471
        }
      ],
      "outputs": [
        {
          "name": "LORA_STACK",
          "type": "LORA_STACK",
          "links": [
            1474
          ],
          "shape": 3,
          "slot_index": 0
        }
      ],
      "title": "XL LoRA Stack 2",
      "properties": {
        "Node name for S&R": "CR LoRA Stack"
      },
      "widgets_values": [
        "Off",
        "None",
        1,
        1,
        "Off",
        "None",
        1,
        1,
        "Off",
        "None",
        1,
        1
      ],
      "color": "#222",
      "bgcolor": "#000"
    },
    {
      "id": 360,
      "type": "Reroute",
      "pos": [
        -1578,
        536
      ],
      "size": [
        75,
        26
      ],
      "flags": {
        "pinned": false
      },
      "order": 24,
      "mode": 0,
      "inputs": [
        {
          "name": "",
          "type": "*",
          "link": 1505
        }
      ],
      "outputs": [
        {
          "name": "INT",
          "type": "INT",
          "links": [
            1168
          ],
          "slot_index": 0
        }
      ],
      "properties": {
        "showOutputText": true,
        "horizontal": false
      }
    },
    {
      "id": 145,
      "type": "Reroute",
      "pos": [
        -1810.1307748057789,
        374.36555205320104
      ],
      "size": [
        75,
        26
      ],
      "flags": {
        "pinned": false
      },
      "order": 31,
      "mode": 0,
      "inputs": [
        {
          "name": "",
          "type": "*",
          "link": 343
        }
      ],
      "outputs": [
        {
          "name": "CLIP",
          "type": "CLIP",
          "links": [
            1351
          ],
          "slot_index": 0
        }
      ],
      "properties": {
        "showOutputText": true,
        "horizontal": false
      }
    },
    {
      "id": 404,
      "type": "Reroute",
      "pos": [
        -1809.1307748057789,
        201.36555205320272
      ],
      "size": [
        75,
        26
      ],
      "flags": {
        "pinned": false
      },
      "order": 32,
      "mode": 0,
      "inputs": [
        {
          "name": "",
          "type": "*",
          "link": 1044
        }
      ],
      "outputs": [
        {
          "name": "CLIP",
          "type": "CLIP",
          "links": [
            1476
          ],
          "slot_index": 0
        }
      ],
      "properties": {
        "showOutputText": true,
        "horizontal": false
      }
    },
    {
      "id": 476,
      "type": "CR Image Input Switch (4 way)",
      "pos": [
        -914.429312926477,
        1013.0555219729818
      ],
      "size": {
        "0": 257.0962829589844,
        "1": 118
      },
      "flags": {
        "pinned": false
      },
      "order": 33,
      "mode": 0,
      "inputs": [
        {
          "name": "image1",
          "type": "IMAGE",
          "link": 1360
        },
        {
          "name": "image2",
          "type": "IMAGE",
          "link": 1333
        },
        {
          "name": "image3",
          "type": "IMAGE",
          "link": 1334
        },
        {
          "name": "image4",
          "type": "IMAGE",
          "link": null
        }
      ],
      "outputs": [
        {
          "name": "IMAGE",
          "type": "IMAGE",
          "links": [
            1332
          ],
          "shape": 3,
          "slot_index": 0
        }
      ],
      "title": "Image Input Switch (4 way)",
      "properties": {
        "Node name for S&R": "CR Image Input Switch (4 way)"
      },
      "widgets_values": [
        1
      ],
      "color": "#322",
      "bgcolor": "#533"
    },
    {
      "id": 503,
      "type": "Reroute",
      "pos": [
        -330,
        640
      ],
      "size": [
        75,
        26
      ],
      "flags": {
        "pinned": false
      },
      "order": 34,
      "mode": 0,
      "inputs": [
        {
          "name": "",
          "type": "*",
          "link": 1424
        }
      ],
      "outputs": [
        {
          "name": "VAE",
          "type": "VAE",
          "links": [
            1426,
            1536
          ],
          "slot_index": 0
        }
      ],
      "properties": {
        "showOutputText": true,
        "horizontal": false
      }
    },
    {
      "id": 339,
      "type": "Reroute",
      "pos": [
        -740,
        790
      ],
      "size": [
        75,
        26
      ],
      "flags": {
        "pinned": false
      },
      "order": 38,
      "mode": 0,
      "inputs": [
        {
          "name": "",
          "type": "*",
          "link": 883
        }
      ],
      "outputs": [
        {
          "name": "INT",
          "type": "INT",
          "links": [
            900
          ],
          "slot_index": 0
        }
      ],
      "properties": {
        "showOutputText": true,
        "horizontal": false
      }
    },
    {
      "id": 510,
      "type": "ImageScale",
      "pos": [
        -1220,
        -330
      ],
      "size": {
        "0": 315,
        "1": 130
      },
      "flags": {},
      "order": 39,
      "mode": 0,
      "inputs": [
        {
          "name": "image",
          "type": "IMAGE",
          "link": 1432
        },
        {
          "name": "width",
          "type": "INT",
          "link": 1438,
          "widget": {
            "name": "width",
            "config": [
              "INT",
              {
                "default": 512,
                "min": 1,
                "max": 8192,
                "step": 1
              }
            ]
          }
        },
        {
          "name": "height",
          "type": "INT",
          "link": 1439,
          "widget": {
            "name": "height",
            "config": [
              "INT",
              {
                "default": 512,
                "min": 1,
                "max": 8192,
                "step": 1
              }
            ]
          }
        }
      ],
      "outputs": [
        {
          "name": "IMAGE",
          "type": "IMAGE",
          "links": [
            1507
          ],
          "shape": 3,
          "slot_index": 0
        }
      ],
      "properties": {
        "Node name for S&R": "ImageScale"
      },
      "widgets_values": [
        "nearest-exact",
        1024,
        1024,
        "center"
      ]
    },
    {
      "id": 470,
      "type": "Reroute",
      "pos": [
        -1580,
        590
      ],
      "size": [
        90.4,
        26
      ],
      "flags": {
        "pinned": false
      },
      "order": 41,
      "mode": 0,
      "inputs": [
        {
          "name": "",
          "type": "*",
          "link": 1318
        }
      ],
      "outputs": [
        {
          "name": "LATENT",
          "type": "LATENT",
          "links": [
            1317
          ],
          "slot_index": 0
        }
      ],
      "properties": {
        "showOutputText": true,
        "horizontal": false
      }
    },
    {
      "id": 135,
      "type": "Reroute",
      "pos": [
        -330,
        840
      ],
      "size": [
        75,
        26
      ],
      "flags": {
        "pinned": false
      },
      "order": 42,
      "mode": 0,
      "inputs": [
        {
          "name": "",
          "type": "*",
          "link": 565
        }
      ],
      "outputs": [
        {
          "name": "INT",
          "type": "INT",
          "links": [
            1423
          ],
          "slot_index": 0
        }
      ],
      "properties": {
        "showOutputText": true,
        "horizontal": false
      }
    },
    {
      "id": 485,
      "type": "Reroute",
      "pos": [
        -80,
        318
      ],
      "size": [
        75,
        26
      ],
      "flags": {
        "pinned": false
      },
      "order": 43,
      "mode": 0,
      "inputs": [
        {
          "name": "",
          "type": "*",
          "link": 1351
        }
      ],
      "outputs": [
        {
          "name": "CLIP",
          "type": "CLIP",
          "links": [
            1349
          ],
          "slot_index": 0
        }
      ],
      "properties": {
        "showOutputText": true,
        "horizontal": false
      }
    },
    {
      "id": 523,
      "type": "CR Apply LoRA Stack",
      "pos": [
        -749,
        126
      ],
      "size": {
        "0": 210,
        "1": 66
      },
      "flags": {},
      "order": 44,
      "mode": 0,
      "inputs": [
        {
          "name": "model",
          "type": "MODEL",
          "link": 1475
        },
        {
          "name": "clip",
          "type": "CLIP",
          "link": 1476
        },
        {
          "name": "lora_stack",
          "type": "LORA_STACK",
          "link": 1474
        }
      ],
      "outputs": [
        {
          "name": "MODEL",
          "type": "MODEL",
          "links": [
            1473
          ],
          "shape": 3,
          "slot_index": 0
        },
        {
          "name": "CLIP",
          "type": "CLIP",
          "links": [
            1472
          ],
          "shape": 3,
          "slot_index": 1
        }
      ],
      "title": "Apply LoRA Stack",
      "properties": {
        "Node name for S&R": "CR Apply LoRA Stack"
      }
    },
    {
      "id": 40,
      "type": "ImageScale",
      "pos": [
        -574.4293129264765,
        1015.0555219729818
      ],
      "size": {
        "0": 299.2333984375,
        "1": 130
      },
      "flags": {
        "pinned": false
      },
      "order": 46,
      "mode": 0,
      "inputs": [
        {
          "name": "image",
          "type": "IMAGE",
          "link": 1332
        },
        {
          "name": "width",
          "type": "INT",
          "link": 901,
          "widget": {
            "name": "width",
            "config": [
              "INT",
              {
                "default": 512,
                "min": 1,
                "max": 8192,
                "step": 1
              }
            ]
          }
        },
        {
          "name": "height",
          "type": "INT",
          "link": 900,
          "widget": {
            "name": "height",
            "config": [
              "INT",
              {
                "default": 512,
                "min": 1,
                "max": 8192,
                "step": 1
              }
            ]
          }
        }
      ],
      "outputs": [
        {
          "name": "IMAGE",
          "type": "IMAGE",
          "links": [
            1007,
            1321
          ],
          "slot_index": 0
        }
      ],
      "properties": {
        "Node name for S&R": "ImageScale"
      },
      "widgets_values": [
        "nearest-exact",
        512,
        768,
        "center"
      ]
    },
    {
      "id": 533,
      "type": "Image Canny Filter",
      "pos": [
        -1220,
        -140
      ],
      "size": {
        "0": 315,
        "1": 106
      },
      "flags": {},
      "order": 47,
      "mode": 0,
      "inputs": [
        {
          "name": "images",
          "type": "IMAGE",
          "link": 1507
        }
      ],
      "outputs": [
        {
          "name": "images",
          "type": "IMAGE",
          "links": [
            1508,
            1509
          ],
          "shape": 3,
          "slot_index": 0
        }
      ],
      "properties": {
        "Node name for S&R": "Image Canny Filter"
      },
      "widgets_values": [
        "false",
        0,
        1
      ]
    },
    {
      "id": 471,
      "type": "Reroute",
      "pos": [
        -80,
        591
      ],
      "size": [
        90.4,
        26
      ],
      "flags": {
        "pinned": false
      },
      "order": 48,
      "mode": 0,
      "inputs": [
        {
          "name": "",
          "type": "*",
          "link": 1317
        }
      ],
      "outputs": [
        {
          "name": "LATENT",
          "type": "LATENT",
          "links": [
            1377
          ],
          "slot_index": 0
        }
      ],
      "properties": {
        "showOutputText": true,
        "horizontal": false
      }
    },
    {
      "id": 486,
      "type": "Reroute",
      "pos": [
        -77,
        256
      ],
      "size": [
        75,
        26
      ],
      "flags": {
        "pinned": false
      },
      "order": 50,
      "mode": 0,
      "inputs": [
        {
          "name": "",
          "type": "*",
          "link": 1472
        }
      ],
      "outputs": [
        {
          "name": "CLIP",
          "type": "CLIP",
          "links": [
            1348
          ],
          "slot_index": 0
        }
      ],
      "properties": {
        "showOutputText": true,
        "horizontal": false
      }
    },
    {
      "id": 376,
      "type": "VAEEncodeTiled",
      "pos": [
        -190,
        1020
      ],
      "size": {
        "0": 210,
        "1": 78
      },
      "flags": {
        "pinned": false,
        "collapsed": false
      },
      "order": 51,
      "mode": 0,
      "inputs": [
        {
          "name": "pixels",
          "type": "IMAGE",
          "link": 1007
        },
        {
          "name": "vae",
          "type": "VAE",
          "link": 1426
        }
      ],
      "outputs": [
        {
          "name": "LATENT",
          "type": "LATENT",
          "links": [
            1417
          ],
          "shape": 3,
          "slot_index": 0
        }
      ],
      "properties": {
        "Node name for S&R": "VAEEncodeTiled"
      },
      "widgets_values": [
        512
      ]
    },
    {
      "id": 110,
      "type": "PreviewImage",
      "pos": [
        -563.4293129264767,
        1207.0555219729831
      ],
      "size": {
        "0": 265.3574523925781,
        "1": 282.7762756347656
      },
      "flags": {
        "pinned": false
      },
      "order": 52,
      "mode": 0,
      "inputs": [
        {
          "name": "images",
          "type": "IMAGE",
          "link": 1321
        }
      ],
      "properties": {
        "Node name for S&R": "PreviewImage"
      }
    },
    {
      "id": 516,
      "type": "Reroute",
      "pos": [
        -424,
        -458
      ],
      "size": [
        82,
        26
      ],
      "flags": {
        "pinned": false
      },
      "order": 54,
      "mode": 0,
      "inputs": [
        {
          "name": "",
          "type": "*",
          "link": 1509
        }
      ],
      "outputs": [
        {
          "name": "IMAGE",
          "type": "IMAGE",
          "links": [
            1445
          ],
          "slot_index": 0
        }
      ],
      "properties": {
        "showOutputText": true,
        "horizontal": false
      }
    },
    {
      "id": 500,
      "type": "CR Latent Batch Size",
      "pos": [
        30,
        870
      ],
      "size": {
        "0": 210,
        "1": 55.831939697265625
      },
      "flags": {
        "collapsed": true
      },
      "order": 56,
      "mode": 0,
      "inputs": [
        {
          "name": "latent",
          "type": "LATENT",
          "link": 1417
        },
        {
          "name": "batch_size",
          "type": "INT",
          "link": 1423,
          "widget": {
            "name": "batch_size",
            "config": [
              "INT",
              {
                "default": 2,
                "min": 1,
                "max": 16,
                "step": 1
              }
            ]
          }
        }
      ],
      "outputs": [
        {
          "name": "LATENT",
          "type": "LATENT",
          "links": [
            1418
          ],
          "shape": 3,
          "slot_index": 0
        }
      ],
      "title": "Latent Batch Size",
      "properties": {
        "Node name for S&R": "CR Latent Batch Size"
      },
      "widgets_values": [
        2
      ]
    },
    {
      "id": 521,
      "type": "CR SDXL Aspect Ratio",
      "pos": [
        -2547.723143888904,
        764.5082950001362
      ],
      "size": {
        "0": 315,
        "1": 238
      },
      "flags": {},
      "order": 11,
      "mode": 0,
      "outputs": [
        {
          "name": "width",
          "type": "INT",
          "links": [
            1460,
            1463
          ],
          "shape": 3,
          "slot_index": 0
        },
        {
          "name": "height",
          "type": "INT",
          "links": [
            1461,
            1464
          ],
          "shape": 3,
          "slot_index": 1
        },
        {
          "name": "upscale_factor",
          "type": "FLOAT",
          "links": [
            1465
          ],
          "shape": 3,
          "slot_index": 2
        },
        {
          "name": "batch_size",
          "type": "INT",
          "links": [
            1462,
            1466
          ],
          "shape": 3,
          "slot_index": 3
        }
      ],
      "title": "SDXL Aspect Ratio",
      "properties": {
        "Node name for S&R": "CR SDXL Aspect Ratio"
      },
      "widgets_values": [
        1024,
        1024,
        "3:4 portrait 896x1152",
        "Off",
        2,
        1
      ],
      "color": "#222",
      "bgcolor": "#000"
    },
    {
      "id": 513,
      "type": "Reroute",
      "pos": [
        321,
        -514
      ],
      "size": [
        132.39999999999998,
        26
      ],
      "flags": {
        "pinned": false
      },
      "order": 35,
      "mode": 0,
      "inputs": [
        {
          "name": "",
          "type": "*",
          "link": 1442
        }
      ],
      "outputs": [
        {
          "name": "CONTROL_NET",
          "type": "CONTROL_NET",
          "links": [
            1518
          ],
          "slot_index": 0
        }
      ],
      "properties": {
        "showOutputText": true,
        "horizontal": false
      }
    },
    {
      "id": 515,
      "type": "Reroute",
      "pos": [
        373,
        -460
      ],
      "size": [
        82,
        26
      ],
      "flags": {
        "pinned": false
      },
      "order": 57,
      "mode": 0,
      "inputs": [
        {
          "name": "",
          "type": "*",
          "link": 1445
        }
      ],
      "outputs": [
        {
          "name": "IMAGE",
          "type": "IMAGE",
          "links": [
            1519
          ],
          "slot_index": 0
        }
      ],
      "properties": {
        "showOutputText": true,
        "horizontal": false
      }
    },
    {
      "id": 484,
      "type": "SeargeSDXLPromptEncoder",
      "pos": [
        119.83537843808588,
        -295.1717674237412
      ],
      "size": {
        "0": 279.8656005859375,
        "1": 428.4853820800781
      },
      "flags": {
        "collapsed": false,
        "pinned": false
      },
      "order": 55,
      "mode": 0,
      "inputs": [
        {
          "name": "base_clip",
          "type": "CLIP",
          "link": 1348
        },
        {
          "name": "refiner_clip",
          "type": "CLIP",
          "link": 1349
        },
        {
          "name": "pos_g",
          "type": "STRING",
          "link": 1543,
          "widget": {
            "name": "pos_g",
            "config": [
              "STRING",
              {
                "multiline": true,
                "default": "POS_G"
              }
            ]
          }
        },
        {
          "name": "pos_l",
          "type": "STRING",
          "link": 1544,
          "widget": {
            "name": "pos_l",
            "config": [
              "STRING",
              {
                "multiline": true,
                "default": "POS_L"
              }
            ]
          }
        },
        {
          "name": "pos_r",
          "type": "STRING",
          "link": 1545,
          "widget": {
            "name": "pos_r",
            "config": [
              "STRING",
              {
                "multiline": true,
                "default": "POS_R"
              }
            ]
          }
        },
        {
          "name": "neg_g",
          "type": "STRING",
          "link": 1546,
          "widget": {
            "name": "neg_g",
            "config": [
              "STRING",
              {
                "multiline": true,
                "default": "NEG_G"
              }
            ]
          }
        },
        {
          "name": "neg_l",
          "type": "STRING",
          "link": 1547,
          "widget": {
            "name": "neg_l",
            "config": [
              "STRING",
              {
                "multiline": true,
                "default": "NEG_L"
              }
            ]
          }
        },
        {
          "name": "neg_r",
          "type": "STRING",
          "link": 1548,
          "widget": {
            "name": "neg_r",
            "config": [
              "STRING",
              {
                "multiline": true,
                "default": "NEG_R"
              }
            ]
          }
        }
      ],
      "outputs": [
        {
          "name": "base_positive",
          "type": "CONDITIONING",
          "links": [
            1520
          ],
          "shape": 3,
          "slot_index": 0
        },
        {
          "name": "base_negative",
          "type": "CONDITIONING",
          "links": [
            1524
          ],
          "shape": 3,
          "slot_index": 1
        },
        {
          "name": "refiner_positive",
          "type": "CONDITIONING",
          "links": [
            1525
          ],
          "shape": 3,
          "slot_index": 2
        },
        {
          "name": "refiner_negative",
          "type": "CONDITIONING",
          "links": [
            1526
          ],
          "shape": 3,
          "slot_index": 3
        }
      ],
      "title": "SDXL Prompt Encoder",
      "properties": {
        "Node name for S&R": "SeargeSDXLPromptEncoder"
      },
      "widgets_values": [
        "miniature figures,dieselpunk, moon-base, film, (bokeh:0.1), professional, 4k, highly detailed, uhd image, intricate details, \n\ncinematic photo of Abstraction, expertly miniature figures, realistic depictions of dieselpunk-astronauts (excavating an ancient alien spaceship:1.2) on the dusty rocky surface of the moon with earth-rise behind them. 35mm photograph, vibrant Dieselpunk\n",
        "miniature figures,dieselpunk, moon-base, film, (bokeh:0.1), professional, 4k, highly detailed, uhd image, intricate details, \n\ncinematic photo of Abstraction, expertly miniature figures, realistic depictions of dieselpunk-astronauts (excavating an ancient alien spaceship:1.2) on the dusty rocky surface of the moon with earth-rise behind them. 35mm photograph, vibrant Dieselpunk\n",
        "miniature figures,dieselpunk, moon-base, film, (bokeh:0.1), professional, 4k, highly detailed, uhd image, intricate details, \n\ncinematic photo of Abstraction, expertly miniature figures, realistic depictions of dieselpunk-astronauts (excavating an ancient alien spaceship:1.2) on the dusty rocky surface of the moon with earth-rise behind them. 35mm photograph, vibrant Dieselpunk\n",
        "drawing, painting, crayon, sketch, graphite, impressionist,\nnoisy, blurry, tilt-focus, DOF, soft, deformed, ugly",
        "drawing, painting, crayon, sketch, graphite, impressionist,\nnoisy, blurry, tilt-focus, DOF, soft, deformed, ugly",
        "drawing, painting, crayon, sketch, graphite, impressionist,\nnoisy, blurry, tilt-focus, DOF, soft, deformed, ugly",
        4096,
        4096,
        0,
        0,
        4096,
        4096,
        6,
        2.5,
        2048,
        2048
      ]
    },
    {
      "id": 439,
      "type": "Reroute",
      "pos": [
        -84,
        539
      ],
      "size": [
        75,
        26
      ],
      "flags": {
        "pinned": false
      },
      "order": 36,
      "mode": 0,
      "inputs": [
        {
          "name": "",
          "type": "*",
          "link": 1168
        }
      ],
      "outputs": [
        {
          "name": "INT",
          "type": "INT",
          "links": [],
          "slot_index": 0
        }
      ],
      "properties": {
        "showOutputText": true,
        "horizontal": false
      }
    },
    {
      "id": 535,
      "type": "SeargeSDXLSamplerV3",
      "pos": [
        910.7950824685606,
        -214.43177672965624
      ],
      "size": [
        320,
        570
      ],
      "flags": {},
      "order": 60,
      "mode": 0,
      "inputs": [
        {
          "name": "base_model",
          "type": "MODEL",
          "link": 1531
        },
        {
          "name": "base_positive",
          "type": "CONDITIONING",
          "link": 1523
        },
        {
          "name": "base_negative",
          "type": "CONDITIONING",
          "link": 1524,
          "slot_index": 2
        },
        {
          "name": "refiner_model",
          "type": "MODEL",
          "link": 1532
        },
        {
          "name": "refiner_positive",
          "type": "CONDITIONING",
          "link": 1525
        },
        {
          "name": "refiner_negative",
          "type": "CONDITIONING",
          "link": 1526
        },
        {
          "name": "latent_image",
          "type": "LATENT",
          "link": 1530
        },
        {
          "name": "sampler_name",
          "type": "SAMPLER_NAME",
          "link": 1534
        },
        {
          "name": "scheduler",
          "type": "SCHEDULER_NAME",
          "link": 1535
        }
      ],
      "outputs": [
        {
          "name": "LATENT",
          "type": "LATENT",
          "links": [
            1527
          ],
          "shape": 3,
          "slot_index": 0
        }
      ],
      "properties": {
        "Node name for S&R": "SeargeSDXLSamplerV3"
      },
      "widgets_values": [
        722631527480735,
        "randomize",
        20,
        7,
        0.8,
        1,
        0
      ],
      "color": "#222",
      "bgcolor": "#000"
    },
    {
      "id": 494,
      "type": "CR Img2Img Process Switch",
      "pos": [
        190,
        530
      ],
      "size": {
        "0": 264.8589782714844,
        "1": 78
      },
      "flags": {},
      "order": 58,
      "mode": 0,
      "inputs": [
        {
          "name": "txt2img",
          "type": "LATENT",
          "link": 1377
        },
        {
          "name": "img2img",
          "type": "LATENT",
          "link": 1418
        }
      ],
      "outputs": [
        {
          "name": "LATENT",
          "type": "LATENT",
          "links": [
            1530
          ],
          "shape": 3,
          "slot_index": 0
        }
      ],
      "title": "Img2Img Process Switch",
      "properties": {
        "Node name for S&R": "CR Img2Img Process Switch"
      },
      "widgets_values": [
        "txt2img"
      ],
      "color": "#322",
      "bgcolor": "#533"
    },
    {
      "id": 461,
      "type": "Reroute",
      "pos": [
        -80,
        374
      ],
      "size": [
        82,
        26
      ],
      "flags": {
        "pinned": false
      },
      "order": 49,
      "mode": 0,
      "inputs": [
        {
          "name": "",
          "type": "*",
          "link": 1473
        }
      ],
      "outputs": [
        {
          "name": "MODEL",
          "type": "MODEL",
          "links": [
            1531
          ],
          "slot_index": 0
        }
      ],
      "properties": {
        "showOutputText": true,
        "horizontal": false
      }
    },
    {
      "id": 462,
      "type": "Reroute",
      "pos": [
        -80,
        430
      ],
      "size": [
        82,
        26
      ],
      "flags": {
        "pinned": false
      },
      "order": 30,
      "mode": 0,
      "inputs": [
        {
          "name": "",
          "type": "*",
          "link": 1256
        }
      ],
      "outputs": [
        {
          "name": "MODEL",
          "type": "MODEL",
          "links": [
            1532
          ],
          "slot_index": 0
        }
      ],
      "properties": {
        "showOutputText": true,
        "horizontal": false
      }
    },
    {
      "id": 338,
      "type": "Reroute",
      "pos": [
        -740,
        740
      ],
      "size": [
        75,
        26
      ],
      "flags": {
        "pinned": false
      },
      "order": 37,
      "mode": 0,
      "inputs": [
        {
          "name": "",
          "type": "*",
          "link": 1427
        }
      ],
      "outputs": [
        {
          "name": "INT",
          "type": "INT",
          "links": [
            901
          ],
          "slot_index": 0
        }
      ],
      "properties": {
        "showOutputText": true,
        "horizontal": false
      }
    },
    {
      "id": 540,
      "type": "CR Upscale Image",
      "pos": [
        1647.5127340163435,
        -29.543387744958515
      ],
      "size": {
        "0": 320,
        "1": 200
      },
      "flags": {},
      "order": 63,
      "mode": 0,
      "inputs": [
        {
          "name": "image",
          "type": "IMAGE",
          "link": 1528
        },
        {
          "name": "rescale_factor",
          "type": "FLOAT",
          "link": 1533,
          "widget": {
            "name": "rescale_factor",
            "config": [
              "FLOAT",
              {
                "default": 2,
                "min": 0.01,
                "max": 16,
                "step": 0.01
              }
            ]
          }
        }
      ],
      "outputs": [
        {
          "name": "IMAGE",
          "type": "IMAGE",
          "links": [
            1529
          ],
          "shape": 3,
          "slot_index": 0
        }
      ],
      "properties": {
        "Node name for S&R": "CR Upscale Image"
      },
      "widgets_values": [
        "4x-UltraSharp.pth",
        "rescale",
        2,
        1024,
        "lanczos",
        "true",
        8
      ]
    },
    {
      "id": 495,
      "type": "SeargeSamplerInputs",
      "pos": [
        909.1075296892604,
        -379.5567314902561
      ],
      "size": {
        "0": 315,
        "1": 102
      },
      "flags": {},
      "order": 12,
      "mode": 0,
      "outputs": [
        {
          "name": "sampler_name",
          "type": "SAMPLER_NAME",
          "links": [
            1534
          ],
          "shape": 3,
          "slot_index": 0
        },
        {
          "name": "scheduler",
          "type": "SCHEDULER_NAME",
          "links": [
            1535
          ],
          "shape": 3,
          "slot_index": 1
        }
      ],
      "properties": {
        "Node name for S&R": "SeargeSamplerInputs"
      },
      "widgets_values": [
        "dpmpp_2m",
        "karras"
      ],
      "color": "#222",
      "bgcolor": "#000"
    },
    {
      "id": 10,
      "type": "VAEDecodeTiled",
      "pos": [
        1380,
        0
      ],
      "size": {
        "0": 210,
        "1": 78
      },
      "flags": {
        "pinned": false,
        "collapsed": true
      },
      "order": 61,
      "mode": 0,
      "inputs": [
        {
          "name": "samples",
          "type": "LATENT",
          "link": 1527
        },
        {
          "name": "vae",
          "type": "VAE",
          "link": 1421
        }
      ],
      "outputs": [
        {
          "name": "IMAGE",
          "type": "IMAGE",
          "links": [
            1311,
            1528
          ],
          "slot_index": 0
        }
      ],
      "properties": {
        "Node name for S&R": "VAEDecodeTiled"
      },
      "widgets_values": [
        512
      ]
    },
    {
      "id": 502,
      "type": "Reroute",
      "pos": [
        1140,
        640
      ],
      "size": [
        75,
        26
      ],
      "flags": {
        "pinned": false
      },
      "order": 45,
      "mode": 0,
      "inputs": [
        {
          "name": "",
          "type": "*",
          "link": 1536
        }
      ],
      "outputs": [
        {
          "name": "VAE",
          "type": "VAE",
          "links": [
            1421
          ],
          "slot_index": 0
        }
      ],
      "properties": {
        "showOutputText": true,
        "horizontal": false
      }
    },
    {
      "id": 350,
      "type": "Reroute",
      "pos": [
        1140,
        690
      ],
      "size": [
        82,
        26
      ],
      "flags": {
        "pinned": false
      },
      "order": 40,
      "mode": 0,
      "inputs": [
        {
          "name": "",
          "type": "*",
          "link": 919
        }
      ],
      "outputs": [
        {
          "name": "FLOAT",
          "type": "FLOAT",
          "links": [
            1533
          ],
          "slot_index": 0
        }
      ],
      "properties": {
        "showOutputText": true,
        "horizontal": false
      }
    },
    {
      "id": 467,
      "type": "PreviewImage",
      "pos": [
        1620,
        280
      ],
      "size": {
        "0": 400,
        "1": 460
      },
      "flags": {
        "pinned": false
      },
      "order": 62,
      "mode": 0,
      "inputs": [
        {
          "name": "images",
          "type": "IMAGE",
          "link": 1311
        }
      ],
      "properties": {
        "Node name for S&R": "PreviewImage"
      }
    },
    {
      "id": 336,
      "type": "SaveImage",
      "pos": [
        2060,
        -100
      ],
      "size": {
        "0": 1539.9058837890625,
        "1": 1590.4586181640625
      },
      "flags": {
        "pinned": false
      },
      "order": 64,
      "mode": 0,
      "inputs": [
        {
          "name": "images",
          "type": "IMAGE",
          "link": 1529
        }
      ],
      "properties": {},
      "widgets_values": [
        "SDXL\\SDXL10_"
      ],
      "color": "#222",
      "bgcolor": "#000",
      "shape": 1
    },
    {
      "id": 328,
      "type": "Note",
      "pos": [
        1710,
        1360
      ],
      "size": {
        "0": 304.02142333984375,
        "1": 126.01512908935547
      },
      "flags": {
        "collapsed": false,
        "pinned": false
      },
      "order": 13,
      "mode": 0,
      "title": "Filename Prefix Examples",
      "properties": {
        "text": ""
      },
      "widgets_values": [
        "%date:d-M-yy%/\n-%CheckpointLoader1.ckpt_name%\n_%Seed.seed%\n\n%date:d-M-yy%/%CheckpointLoader1.ckpt_name%_%Seed.seed%"
      ],
      "color": "#432",
      "bgcolor": "#653"
    },
    {
      "id": 539,
      "type": "CR Apply ControlNet",
      "pos": [
        550,
        -380
      ],
      "size": {
        "0": 260,
        "1": 122
      },
      "flags": {},
      "order": 59,
      "mode": 0,
      "inputs": [
        {
          "name": "conditioning",
          "type": "CONDITIONING",
          "link": 1520
        },
        {
          "name": "control_net",
          "type": "CONTROL_NET",
          "link": 1518
        },
        {
          "name": "image",
          "type": "IMAGE",
          "link": 1519
        }
      ],
      "outputs": [
        {
          "name": "CONDITIONING",
          "type": "CONDITIONING",
          "links": [
            1523
          ],
          "shape": 3,
          "slot_index": 0
        }
      ],
      "properties": {
        "Node name for S&R": "CR Apply ControlNet"
      },
      "widgets_values": [
        "Off",
        1
      ]
    },
    {
      "id": 517,
      "type": "PreviewImage",
      "pos": [
        -810,
        -300
      ],
      "size": {
        "0": 280.6575622558594,
        "1": 252.02536010742188
      },
      "flags": {},
      "order": 53,
      "mode": 0,
      "inputs": [
        {
          "name": "images",
          "type": "IMAGE",
          "link": 1508
        }
      ],
      "properties": {
        "Node name for S&R": "PreviewImage"
      }
    },
    {
      "id": 544,
      "type": "MilehighStyler",
      "pos": [
        -390,
        -290
      ],
      "size": [
        410,
        420
      ],
      "flags": {},
      "order": 14,
      "mode": 0,
      "outputs": [
        {
          "name": "text_positive",
          "type": "STRING",
          "links": [
            1543,
            1544,
            1545
          ],
          "shape": 3,
          "slot_index": 0
        },
        {
          "name": "text_negative",
          "type": "STRING",
          "links": [
            1546,
            1547,
            1548
          ],
          "shape": 3,
          "slot_index": 1
        }
      ],
      "title": "SDXL Prompt Styler",
      "properties": {
        "Node name for S&R": "MilehighStyler"
      },
      "widgets_values": [
        "a cute kitten made out of yellow plastic, cyborg, cyberpunk style, ((intricate details)), hdr, ((intricate details, hyperdetailed)), cinematic shot, vignette",
        "text, watermark",
        "2D Game Art",
        false
      ],
      "color": "#222",
      "bgcolor": "#000"
    }
  ],
  "links": [
    [
      1,
      1,
      1,
      2,
      0,
      "CLIP"
    ],
    [
      343,
      2,
      0,
      145,
      0,
      "*"
    ],
    [
      346,
      1,
      0,
      144,
      0,
      "*"
    ],
    [
      565,
      139,
      0,
      135,
      0,
      "*"
    ],
    [
      883,
      340,
      0,
      339,
      0,
      "*"
    ],
    [
      900,
      339,
      0,
      40,
      2,
      "INT"
    ],
    [
      901,
      338,
      0,
      40,
      1,
      "INT"
    ],
    [
      919,
      354,
      0,
      350,
      0,
      "*"
    ],
    [
      1007,
      40,
      0,
      376,
      0,
      "IMAGE"
    ],
    [
      1044,
      402,
      0,
      404,
      0,
      "*"
    ],
    [
      1168,
      360,
      0,
      439,
      0,
      "*"
    ],
    [
      1256,
      144,
      0,
      462,
      0,
      "*"
    ],
    [
      1311,
      10,
      0,
      467,
      0,
      "IMAGE"
    ],
    [
      1317,
      470,
      0,
      471,
      0,
      "*"
    ],
    [
      1318,
      6,
      0,
      470,
      0,
      "*"
    ],
    [
      1321,
      40,
      0,
      110,
      0,
      "IMAGE"
    ],
    [
      1332,
      476,
      0,
      40,
      0,
      "IMAGE"
    ],
    [
      1333,
      43,
      0,
      476,
      1,
      "IMAGE"
    ],
    [
      1334,
      475,
      0,
      476,
      2,
      "IMAGE"
    ],
    [
      1348,
      486,
      0,
      484,
      0,
      "CLIP"
    ],
    [
      1349,
      485,
      0,
      484,
      1,
      "CLIP"
    ],
    [
      1351,
      145,
      0,
      485,
      0,
      "*"
    ],
    [
      1358,
      490,
      0,
      403,
      0,
      "*"
    ],
    [
      1359,
      490,
      1,
      402,
      0,
      "CLIP"
    ],
    [
      1360,
      491,
      0,
      476,
      0,
      "IMAGE"
    ],
    [
      1373,
      491,
      0,
      43,
      0,
      "IMAGE"
    ],
    [
      1374,
      491,
      0,
      475,
      0,
      "IMAGE"
    ],
    [
      1377,
      471,
      0,
      494,
      0,
      "LATENT"
    ],
    [
      1417,
      376,
      0,
      500,
      0,
      "LATENT"
    ],
    [
      1418,
      500,
      0,
      494,
      1,
      "LATENT"
    ],
    [
      1421,
      502,
      0,
      10,
      1,
      "VAE"
    ],
    [
      1423,
      135,
      0,
      500,
      1,
      "INT"
    ],
    [
      1424,
      501,
      0,
      503,
      0,
      "*"
    ],
    [
      1426,
      503,
      0,
      376,
      1,
      "VAE"
    ],
    [
      1427,
      341,
      0,
      338,
      0,
      "*"
    ],
    [
      1432,
      512,
      0,
      510,
      0,
      "IMAGE"
    ],
    [
      1438,
      341,
      0,
      510,
      1,
      "INT"
    ],
    [
      1439,
      340,
      0,
      510,
      2,
      "INT"
    ],
    [
      1442,
      514,
      0,
      513,
      0,
      "*"
    ],
    [
      1443,
      505,
      0,
      514,
      0,
      "*"
    ],
    [
      1445,
      516,
      0,
      515,
      0,
      "*"
    ],
    [
      1460,
      521,
      0,
      6,
      0,
      "INT"
    ],
    [
      1461,
      521,
      1,
      6,
      1,
      "INT"
    ],
    [
      1462,
      521,
      3,
      6,
      2,
      "INT"
    ],
    [
      1463,
      521,
      0,
      341,
      0,
      "*"
    ],
    [
      1464,
      521,
      1,
      340,
      0,
      "*"
    ],
    [
      1465,
      521,
      2,
      354,
      0,
      "*"
    ],
    [
      1466,
      521,
      3,
      139,
      0,
      "*"
    ],
    [
      1471,
      524,
      0,
      522,
      0,
      "LORA_STACK"
    ],
    [
      1472,
      523,
      1,
      486,
      0,
      "*"
    ],
    [
      1473,
      523,
      0,
      461,
      0,
      "*"
    ],
    [
      1474,
      522,
      0,
      523,
      2,
      "LORA_STACK"
    ],
    [
      1475,
      403,
      0,
      523,
      0,
      "MODEL"
    ],
    [
      1476,
      404,
      0,
      523,
      1,
      "CLIP"
    ],
    [
      1477,
      8,
      0,
      501,
      0,
      "*"
    ],
    [
      1505,
      532,
      0,
      360,
      0,
      "*"
    ],
    [
      1507,
      510,
      0,
      533,
      0,
      "IMAGE"
    ],
    [
      1508,
      533,
      0,
      517,
      0,
      "IMAGE"
    ],
    [
      1509,
      533,
      0,
      516,
      0,
      "*"
    ],
    [
      1518,
      513,
      0,
      539,
      1,
      "CONTROL_NET"
    ],
    [
      1519,
      515,
      0,
      539,
      2,
      "IMAGE"
    ],
    [
      1520,
      484,
      0,
      539,
      0,
      "CONDITIONING"
    ],
    [
      1523,
      539,
      0,
      535,
      1,
      "CONDITIONING"
    ],
    [
      1524,
      484,
      1,
      535,
      2,
      "CONDITIONING"
    ],
    [
      1525,
      484,
      2,
      535,
      4,
      "CONDITIONING"
    ],
    [
      1526,
      484,
      3,
      535,
      5,
      "CONDITIONING"
    ],
    [
      1527,
      535,
      0,
      10,
      0,
      "LATENT"
    ],
    [
      1528,
      10,
      0,
      540,
      0,
      "IMAGE"
    ],
    [
      1529,
      540,
      0,
      336,
      0,
      "IMAGE"
    ],
    [
      1530,
      494,
      0,
      535,
      6,
      "LATENT"
    ],
    [
      1531,
      461,
      0,
      535,
      0,
      "MODEL"
    ],
    [
      1532,
      462,
      0,
      535,
      3,
      "MODEL"
    ],
    [
      1533,
      350,
      0,
      540,
      1,
      "FLOAT"
    ],
    [
      1534,
      495,
      0,
      535,
      7,
      "SAMPLER_NAME"
    ],
    [
      1535,
      495,
      1,
      535,
      8,
      "SCHEDULER_NAME"
    ],
    [
      1536,
      503,
      0,
      502,
      0,
      "*"
    ],
    [
      1543,
      544,
      0,
      484,
      2,
      "STRING"
    ],
    [
      1544,
      544,
      0,
      484,
      3,
      "STRING"
    ],
    [
      1545,
      544,
      0,
      484,
      4,
      "STRING"
    ],
    [
      1546,
      544,
      1,
      484,
      5,
      "STRING"
    ],
    [
      1547,
      544,
      1,
      484,
      6,
      "STRING"
    ],
    [
      1548,
      544,
      1,
      484,
      7,
      "STRING"
    ]
  ],
  "groups": [
    {
      "title": "Img2Img",
      "bounding": [
        -1593,
        912,
        1644,
        646
      ],
      "color": "#3f789e",
      "locked": false
    },
    {
      "title": "Image Upscale",
      "bounding": [
        1616,
        -128,
        395,
        337
      ],
      "color": "#3f789e",
      "locked": false
    },
    {
      "title": "Comfyroll Intermediate SDXL Template",
      "bounding": [
        -2659,
        -617,
        6318,
        2226
      ],
      "color": "#3f789e",
      "locked": false
    },
    {
      "title": "Prompt",
      "bounding": [
        -427,
        -391,
        869,
        563
      ],
      "color": "#3f789e",
      "locked": false
    },
    {
      "title": "XL Model and VAE",
      "bounding": [
        -2591,
        28,
        915,
        1085
      ],
      "color": "#3f789e",
      "locked": false
    },
    {
      "title": "XL LoRAs",
      "bounding": [
        -1628,
        27,
        1146,
        466
      ],
      "color": "#3f789e",
      "locked": false
    },
    {
      "title": "XL ControlNet",
      "bounding": [
        -1627,
        -525,
        1147,
        514
      ],
      "color": "#3f789e",
      "locked": false
    },
    {
      "title": "Sampling",
      "bounding": [
        876,
        -473,
        388,
        885
      ],
      "color": "#3f789e",
      "locked": false
    }
  ],
  "config": {},
  "extra": {},
  "version": 0.4
}